"Day Number","Day Label","Phase","Week","Is Milestone","Practice Paper #","Practice Paper Title","Practice Paper Duration","Physics Topic","Physics Class Concept","Physics Practice Target","Physics MCQ Count","Physics Subtopics","Chemistry Topic","Chemistry Class Concept","Chemistry Practice Target","Chemistry MCQ Count","Chemistry Subtopics","Biology Topic","Biology NCERT Concept","Biology Practice Target","Biology MCQ Count","Biology Subtopics","Total MCQs Target","PYQs Target","MCQ Breakdown","Revision Primary Task","Error Book Focus","NCERT Revision","Test Session"
"1","DAY 1","1","1","NO","","","","Mathematical Tools & Vectors: Basic Differentiation & Integration","Power rule, trigonometric derivatives, definite integrals in kinematics, geometric meaning of area under curve","30 numericals on rate of change, slope analysis & graph conversions","35","Mathematical Tools & Vectors: Basic Differentiation & Integration","Some Basic Concepts: Matter, SI Units & Significant Figures","Dimensional homogeneity, precision vs accuracy, scientific notation & rounding off rules","25 numericals on significant figures & dimensional consistency","30","Some Basic Concepts: Matter, SI Units & Significant Figures","The Living World: Characteristics of Life & Biodiversity","NCERT Line-by-Line: Growth, reproduction, metabolism, cellular organization, consciousness as defining property","45 line-based NCERT MCQs on defining vs non-defining features","45","The Living World: Characteristics of Life & Biodiversity","110","33","P: 35 | C: 30 | B: 45 (incl. ~33 PYQs)","Evening active recall: write down all differentiation & integration rules without looking","Log unit conversion errors & precision mistakes in Error Book","Reread Living World Section 1.1–1.2 with high-yield annotations",""
"2","DAY 2","1","1","NO","","","","Vectors: Triangle & Parallelogram Laws of Addition","Resultant magnitude formula R = √(A²+B²+2AB cosθ), direction formula, special cases (0°, 90°, 180°)","35 numericals on resultant forces and relative velocity in 1D","35","Vectors: Triangle & Parallelogram Laws of Addition","Mole Concept: Atomic Mass, Molecular Mass & Molar Mass","Gram atomic mass, Avogadro number calculations, relationship between moles, mass, and number of particles","35 numericals on calculating atoms, ions, and molecules from given grams","35","Mole Concept: Atomic Mass, Molecular Mass & Molar Mass","The Living World: Taxonomic Categories & Hierarchy","NCERT Line-by-Line: Species, Genus, Family, Order, Class, Phylum/Division, Kingdom with textbook examples","45 NCERT table questions (Man, Housefly, Mango, Wheat table memorization)","45","The Living World: Taxonomic Categories & Hierarchy","115","35","P: 35 | C: 35 | B: 45 (incl. ~35 PYQs)","Vector addition trigonometric edge cases revision","Mole calculations involving polyatomic ions in Error Book","Memorize taxonomic table 1.1 line-by-line",""
"3","DAY 3","1","1","NO","","","","Vectors: Resolution of Vectors & Dot Product (Scalar Product)","Rectangular components (Ax = A cosθ, Ay = A sinθ), dot product A·B = AB cosθ, work done & projection of vectors","35 numericals on dot product, angle between two vectors, unit vectors","35","Vectors: Resolution of Vectors & Dot Product (Scalar Product)","Mole Concept: Percentage Composition & Empirical Formulas","Calculating % of elements in compounds, finding empirical & molecular formulas from combustion data","30 step-by-step stoichiometric & empirical formula problems","30","Mole Concept: Percentage Composition & Empirical Formulas","The Living World: Taxonomical Aids & Summary Review","Herbarium, botanical gardens, museum, zoological parks, taxonomic keys (couplet & lead)","40 MCQs on taxonomic keys & historical PYQs","40","The Living World: Taxonomical Aids & Summary Review","105","32","P: 35 | C: 30 | B: 40 (incl. ~32 PYQs)","Dot product properties & perpendicular vector condition check (A·B = 0)","Empirical formula fraction rounding traps in Error Book","Full Living World NCERT summary & end-of-chapter questions review",""
"4","DAY 4","1","1","NO","","","","Vectors: Cross Product (Vector Product) & Right-Hand Rule","Magnitude |A × B| = AB sinθ, direction normal to plane, torque calculation τ = r × F, area of parallelogram","35 numericals on determinant method for cross product and torque","35","Vectors: Cross Product (Vector Product) & Right-Hand Rule","Stoichiometry & Limiting Reagent Fundamentals","Balanced chemical equations, mole-to-mole relationships, identifying limiting reagent in reaction mixtures","35 numericals on limiting reactant & theoretical yield","35","Stoichiometry & Limiting Reagent Fundamentals","Biological Classification: Five Kingdom Classification & Kingdom Monera","Whittaker Five Kingdom criteria, Archaebacteria (methanogens, halophiles, thermoacidophiles), Eubacteria, Cyanobacteria","45 line-by-line NCERT MCQs on bacteria cell wall, flagella, heterocysts","45","Biological Classification: Five Kingdom Classification & Kingdom Monera","115","35","P: 35 | C: 35 | B: 45 (incl. ~35 PYQs)","Determinant cross-product rapid calculation drills","Limiting reagent identification shortcuts in Error Book","Monera NCERT diagrams: Nostoc, dividing bacterium",""
"5","DAY 5","1","1","NO","","","","Units and Measurements: System of Units & SI Derived Units","Fundamental vs derived units, supplementary units, plane angle & solid angle, practical units (ly, AU, parsec)","30 problems on unit conversions and prefix arithmetic","30","Units and Measurements: System of Units & SI Derived Units","Stoichiometry: Concentration Terms (Molarity & Molality)","Molarity (M), Molality (m), effect of temperature, interconversion between M and m using solution density","35 numericals on molarity, molality, dilution formula (M1V1 = M2V2)","35","Stoichiometry: Concentration Terms (Molarity & Molality)","Kingdom Monera (Mycoplasma) & Kingdom Protista: Chrysophytes & Dinoflagellates","Mycoplasma characteristics, Diatoms (diatomaceous earth), golden algae, Dinoflagellates (red tides, Gonyaulax)","45 MCQs with special focus on silica cell walls and bioluminescence","45","Kingdom Monera (Mycoplasma) & Kingdom Protista: Chrysophytes & Dinoflagellates","110","33","P: 30 | C: 35 | B: 45 (incl. ~33 PYQs)","Temperature dependent vs independent concentration terms flashcards","Density-based molarity to molality conversion mistakes in Error Book","Protista pigment and flagella comparisons table reread",""
"6","DAY 6","1","1","NO","","","","Units and Measurements: Dimensional Analysis & Applications","Dimensional formulas, checking correctness of equations, deriving relationships between physical quantities","35 numericals on dimensions of G, h, μ₀, ε₀, and formula derivation","35","Units and Measurements: Dimensional Analysis & Applications","Concentration Terms: Mole Fraction, Mass %, ppm & Normality","Mole fraction sum = 1, ppm for trace pollutants, volume %, relationship between normality and molarity (N = M × n-factor)","35 problems on mole fraction and n-factor determination","35","Concentration Terms: Mole Fraction, Mass %, ppm & Normality","Kingdom Protista: Euglenoids, Slime Moulds & Protozoans","Pellicle, mixotrophic nutrition, plasmodium stage, Amoeboid, Flagellated, Ciliated, Sporozoans (Plasmodium life cycle overview)","45 line-by-line NCERT MCQs on Protozoan locomotion and nutrition","45","Kingdom Protista: Euglenoids, Slime Moulds & Protozoans","115","35","P: 35 | C: 35 | B: 45 (incl. ~35 PYQs)","Dimensional analysis limitations and constant coefficients list","n-factor determination for redox salts in Error Book","Protista NCERT diagrams and summary paragraph",""
"7","DAY 7","1","1","YES","","","","Units and Measurements: Errors, Significant Figures & Vernier/Screw Gauge","Absolute, relative & percentage errors, combination of errors in addition, multiplication, powers; least count of instruments","35 numericals on error propagation and gauge reading calculations","35","Units and Measurements: Errors, Significant Figures & Vernier/Screw Gauge","Mole Concept & Concentrations: Comprehensive PYQ Marathon","NEET 10-year PYQ walkthrough on mole concept, limiting reagent, and solution concentration problems","40 strict NEET-level PYQ speed drill under 45 minutes","40","Mole Concept & Concentrations: Comprehensive PYQ Marathon","Kingdom Fungi: Phycomycetes, Ascomycetes, Basidiomycetes & Deuteromycetes","Mycelium types, asexual/sexual spores, fruiting bodies, classes comparison (Rhizopus, Yeast, Penicillium, Agaricus, Alternaria)","50 NCERT line-by-line MCQs on fungal spore origins and karyogamy","50","Kingdom Fungi: Phycomycetes, Ascomycetes, Basidiomycetes & Deuteromycetes","125","38","P: 35 | C: 40 | B: 50 (incl. ~38 PYQs)","Week 1 Cumulative Revision: 720-minute rapid review across all Week 1 topics","Audit Week 1 Error Book: re-solve every missed numerical from Days 1 to 6","Full NCERT review of The Living World & Monera/Protista/Fungi","MILESTONE TEST 1: Class 11 Week 1 Review (Vectors, Units, Mole Concept, Living World, Fungi)"
"8","DAY 8","1","2","NO","","","","Motion in a Straight Line: Distance, Displacement, Speed & Velocity","Scalar vs vector displacement, average speed vs average velocity, instantaneous speed/velocity via calculus (v = dx/dt)","35 numericals on average speed formulas for equal distances/times","35","Motion in a Straight Line: Distance, Displacement, Speed & Velocity","Structure of Atom: Discovery of Subatomic Particles & Atomic Models","Cathode ray tube, charge-to-mass ratio (e/m), Millikan oil drop, Rutherford alpha scattering & nuclear model limitations","30 conceptual MCQs and radius of nucleus formula R = R₀ A^(1/3)","30","Structure of Atom: Discovery of Subatomic Particles & Atomic Models","Kingdom Fungi Summary, Lichens, Mycorrhiza, Viruses & Viroids","Symbiotic associations, lichens as pollution indicators, virus discovery (Ivanowsky, Beijerinck, Stanley), Prions, Viroids (Diener)","45 NCERT MCQs on infectious agents and viral genomes","45","Kingdom Fungi Summary, Lichens, Mycorrhiza, Viruses & Viroids","110","33","P: 35 | C: 30 | B: 45 (incl. ~33 PYQs)","Distance vs displacement edge cases (graphs & signs)","Nuclear radius calculation traps in Error Book","Viruses, viroids & prions NCERT comparison table",""
"9","DAY 9","1","2","NO","","","","Motion in a Straight Line: Acceleration & Kinematic Equations","Uniform acceleration, derivations of v = u+at, s = ut+½at², v² = u²+2as, displacement in nth second (Sn = u + a/2(2n-1))","35 numericals on applying kinematics equations with consistent sign convention","35","Motion in a Straight Line: Acceleration & Kinematic Equations","Structure of Atom: Electromagnetic Radiation & Planck Quantum Theory","Wave nature (c = νλ), particle nature, Planck equation E = hν = hc/λ, photoelectric effect, threshold frequency & work function","35 numericals on photoelectric equation & photon calculations","35","Structure of Atom: Electromagnetic Radiation & Planck Quantum Theory","Plant Kingdom: Algae (Chlorophyceae, Phaeophyceae, Rhodophyceae)","Pigments (chlorophyll a, b, c, d, fucoxanthin, phycoerythrin), stored food, cell wall composition, flagella number & insertion","50 NCERT MCQs on Algae table 3.1 & economic importance","50","Plant Kingdom: Algae (Chlorophyceae, Phaeophyceae, Rhodophyceae)","120","36","P: 35 | C: 35 | B: 50 (incl. ~36 PYQs)","Displacement in nth second numerical formulas","Photoelectric stopping potential vs frequency graph slopes in Error Book","Algae NCERT Table 3.1 verbatim memorization",""
"10","DAY 10","1","2","NO","","","","Motion in a Straight Line: Motion Under Gravity (Free Fall)","Symmetric upward/downward motion, time of ascent = time of descent = u/g, maximum height H = u²/2g, reaction time concept","35 numericals on ball dropped vs thrown upward from towers","35","Motion in a Straight Line: Motion Under Gravity (Free Fall)","Structure of Atom: Bohr Model of Hydrogen Atom & Line Spectrum","Postulates, quantization of angular momentum (mvr = nh/2π), radii of orbits (rn = 0.529 n²/Z Å), energy levels (En = -13.6 Z²/n² eV)","35 numericals on Rydberg formula, Lyman, Balmer, Paschen series limits","35","Structure of Atom: Bohr Model of Hydrogen Atom & Line Spectrum","Plant Kingdom: Bryophytes (Liverworts & Mosses)","Amphibians of plant kingdom, thallus structure, rhizoids, gemma cups, dominant gametophyte vs dependent sporophyte, Sphagnum peat","45 line-by-line NCERT MCQs on Marchantia and Funaria life cycle","45","Plant Kingdom: Bryophytes (Liverworts & Mosses)","115","35","P: 35 | C: 35 | B: 45 (incl. ~35 PYQs)","Ball thrown from tower relative kinematics sign conventions","Spectral lines count formula n(n-1)/2 traps in Error Book","Bryophyte life cycle stages & diagram labeling",""
"11","DAY 11","1","2","NO","","","","Motion in a Straight Line: Graphical Analysis (x-t, v-t, a-t Graphs)","Slope of x-t graph = velocity, slope of v-t graph = acceleration, area under v-t graph = displacement, non-uniform acceleration","35 graphical conversion and area calculation numericals","35","Motion in a Straight Line: Graphical Analysis (x-t, v-t, a-t Graphs)","Dual Nature of Matter: de Broglie Wavelength & Heisenberg Principle","de Broglie relation λ = h/mv = h/√(2mE), Heisenberg uncertainty principle Δx·Δp ≥ h/4π, macroscopic vs microscopic implications","35 numericals on de Broglie wavelength of accelerated electrons & uncertainty","35","Dual Nature of Matter: de Broglie Wavelength & Heisenberg Principle","Plant Kingdom: Pteridophytes (Ferns & Horsetails)","First terrestrial plants with vascular tissues (xylem/phloem), dominant sporophyte, prothallus, homospory vs heterospory, Selaginella","45 MCQs on heterospory, seed habit precursor, and Salvinia","45","Plant Kingdom: Pteridophytes (Ferns & Horsetails)","115","35","P: 35 | C: 35 | B: 45 (incl. ~35 PYQs)","Conversion of concave/convex x-t curves into v-t slopes","Wavelength of charged particles accelerated through V volts in Error Book","Pteridophyte NCERT diagrams: Selaginella, Equisetum, Fern",""
"12","DAY 12","1","2","NO","","","","Motion in a Plane: Relative Velocity in 1D & 2D","Relative velocity V_AB = V_A - V_B, rain-man problems, river-boat crossing (minimum distance vs minimum time paths)","35 numericals on river crossing & umbrella angle for walking person","35","Motion in a Plane: Relative Velocity in 1D & 2D","Quantum Mechanical Model: Quantum Numbers (n, l, m, s)","Principal (n), Azimuthal/Subsidiary (l), Magnetic (m), Spin (s); orbital shapes (s, p, d, f), nodal planes & radial nodes (n-l-1)","35 problems identifying permissible quantum number sets and orbital nodes","35","Quantum Mechanical Model: Quantum Numbers (n, l, m, s)","Plant Kingdom: Gymnosperms (Pinus & Cycas)","Naked seeds, mycorrhiza in Pinus, coralloid roots in Cycas with cyanobacteria, non-motile gametes, ovule structure, pollination by wind","45 NCERT MCQs on gymnosperm anatomy, archegonia, endosperm ploidy (n)","45","Plant Kingdom: Gymnosperms (Pinus & Cycas)","115","35","P: 35 | C: 35 | B: 45 (incl. ~35 PYQs)","River swimmer shortest path vs quickest crossing conditions","Radial nodes (n - l - 1) vs angular nodes (l) calculation in Error Book","Gymnosperm endosperm ploidy vs angiosperm endosperm ploidy flashcard",""
"13","DAY 13","1","2","NO","","","","Motion in a Plane: Projectile Motion (Ground to Ground)","Horizontal and vertical components, Time of flight T = 2u sinθ/g, Maximum height H = u² sin²θ/2g, Range R = u² sin2θ/g, trajectory equation","35 numericals on range equality for complementary angles (θ and 90°-θ)","35","Motion in a Plane: Projectile Motion (Ground to Ground)","Electronic Configuration Rules: Aufbau, Pauli & Hund Rules","Aufbau principle (n+l rule), Pauli exclusion principle, Hund rule of maximum multiplicity, exceptional configs of Cr (24) and Cu (29)","35 numericals on unpaired electrons, magnetic moments (μ = √(n(n+2)) BM)","35","Electronic Configuration Rules: Aufbau, Pauli & Hund Rules","Plant Kingdom: Angiosperms Overview & Alternation of Generations","Haplontic, Diplontic, and Haplo-diplontic life cycles with plant examples (Volvox, Fucus, Polysiphonia, Ectocarpus)","45 NCERT MCQs on life cycle exceptions and Angiosperm double fertilization","45","Plant Kingdom: Angiosperms Overview & Alternation of Generations","115","35","P: 35 | C: 35 | B: 45 (incl. ~35 PYQs)","Projectile velocity vector at any time t and angle of velocity","Spin magnetic moment calculation BM formula in Error Book","NCERT plant life cycle pattern diagrams review",""
"14","DAY 14","1","2","YES","","","","Motion in a Plane: Horizontal & Inclined Projectiles + Kinematics PYQs","Projectile fired horizontally from height h, time of landing t = √(2h/g), speed on hitting ground, projectile on inclined plane basics","40 NEET standard PYQs on 2D kinematics","40","Motion in a Plane: Horizontal & Inclined Projectiles + Kinematics PYQs","Structure of Atom: Full Chapter Comprehensive Review & PYQs","Review all formulas: Rydberg, Bohr radii/energy, de Broglie, Heisenberg, nodes, magnetic moments with 10-year NEET PYQs","40 timed atomic structure PYQs under 45 minutes","40","Structure of Atom: Full Chapter Comprehensive Review & PYQs","Plant Kingdom: Full Chapter Comprehensive NCERT Review","Complete comparative table: Algae vs Bryophytes vs Pteridophytes vs Gymnosperms (vascular tissue, dominant phase, ploidy of main plant)","50 NCERT master questions covering the entire chapter","50","Plant Kingdom: Full Chapter Comprehensive NCERT Review","130","39","P: 40 | C: 40 | B: 50 (incl. ~39 PYQs)","Week 2 Cumulative Revision: 720-minute rapid review across all Week 2 topics","Audit Week 2 Error Book: re-solve every missed numerical from Days 8 to 13","Plant Kingdom high-yield comparative chart self-test","MILESTONE TEST 2: Class 11 Week 2 Review (1D/2D Kinematics, Atomic Structure, Plant Kingdom)"
"15","DAY 15","1","3","NO","","","","Newton Laws of Motion: Inertia, Momentum & 2nd Law (F = dp/dt)","Newton 1st, 2nd, 3rd laws, impulse J = Δp = ∫F dt, area under F-t curve, variable mass rocket propulsion formula","35 numericals on impulse, force on water jet, bullet-gun recoil","35","Newton Laws of Motion: Inertia, Momentum & 2nd Law (F = dp/dt)","Classification of Elements: Modern Periodic Table & Electronic Config","Moseley law (√ν ∝ Z), long form of periodic table, s, p, d, f block electronic configurations, IUPAC nomenclature for Z > 100","30 MCQs on periodic table layout and block identification","30","Classification of Elements: Modern Periodic Table & Electronic Config","Animal Kingdom: Basis of Classification","Levels of organization, symmetry (radial vs bilateral), diploblastic vs triploblastic, coelom types (acoelomate, pseudocoelomate, coelomate)","45 NCERT line-by-line MCQs on germ layers, segmentation, notochord","45","Animal Kingdom: Basis of Classification","110","33","P: 35 | C: 30 | B: 45 (incl. ~33 PYQs)","Impulse-momentum theorem graph area problems","IUPAC name roots (nil, un, bi, tri, quad, pent, hex, sept, oct, enn) in Error Book","Animal kingdom basis of classification summary chart",""
"16","DAY 16","1","3","NO","","","","NLM: Free Body Diagrams (FBD) & Equilibrium of Concurrent Forces","Normal reaction, tension in strings, Lami theorem (P/sinα = Q/sinβ = R/sinγ), resolving forces along orthogonal axes","35 numericals on connected bodies on horizontal and inclined smooth surfaces","35","NLM: Free Body Diagrams (FBD) & Equilibrium of Concurrent Forces","Periodic Properties: Atomic Radius & Ionic Radius Trends","Covalent radius, van der Waals radius, metallic radius; variation across period & group; isoelectronic species size comparison","35 problems on ordering isoelectronic ions (N³⁻, O²⁻, F⁻, Na⁺, Mg²⁺, Al³⁺)","35","Periodic Properties: Atomic Radius & Ionic Radius Trends","Animal Kingdom: Phylum Porifera & Coelenterata (Cnidaria)","Porifera: canal system, choanocytes (collar cells), spicules, spongin; Cnidaria: cnidocytes, polyp vs medusa, metagenesis (Obelia)","45 line-by-line NCERT MCQs on Sycon, Spongilla, Hydra, Physalia, Adamsia","45","Animal Kingdom: Phylum Porifera & Coelenterata (Cnidaria)","115","35","P: 35 | C: 35 | B: 45 (incl. ~35 PYQs)","Lami theorem application in hanging mass equilibrium","Isoelectronic species effective nuclear charge (Z/e) in Error Book","Cnidaria metagenesis & coral reef examples list",""
"17","DAY 17","1","3","NO","","","","NLM: Pulley Systems & Tension in Strings","Atwood machine, acceleration a = (m1-m2)g/(m1+m2), tension T = 2m1m2g/(m1+m2), pulleys on smooth inclined planes, string constraint","35 numericals on multi-mass pulley systems and movable pulleys","35","NLM: Pulley Systems & Tension in Strings","Periodic Properties: Ionization Enthalpy (IE) & Successive IEs","Factors affecting IE (effective nuclear charge, screening effect, penetration, stable half/full filled subshells), anomalous IE of Be vs B and N vs O","35 problems on predicting 1st, 2nd, 3rd ionization enthalpies","35","Periodic Properties: Ionization Enthalpy (IE) & Successive IEs","Animal Kingdom: Phylum Ctenophora & Platyhelminthes","Ctenophora: comb plates (8 ciliated rows), bioluminescence, Pleurobrachia; Platyhelminthes: flatworms, flame cells, Taenia, Fasciola","45 NCERT line-by-line MCQs on excretion and parasitic adaptations","45","Animal Kingdom: Phylum Ctenophora & Platyhelminthes","115","35","P: 35 | C: 35 | B: 45 (incl. ~35 PYQs)","Movable pulley string constraint relation (v_p = (v1+v2)/2)","IE anomalies (Be > B and N > O) electronic configuration justification in Error Book","Flame cells & comb plates features flashcards",""
"18","DAY 18","1","3","NO","","","","NLM: Apparent Weight in a Lift & Frame of Reference","Inertial vs non-inertial frames, pseudo force (-ma), apparent weight in accelerating lift (W = m(g±a)), free fall weightlessness","35 numericals on spring balance and weighing machine in moving elevator","35","NLM: Apparent Weight in a Lift & Frame of Reference","Periodic Properties: Electron Gain Enthalpy (EGE) & Electronegativity","EGE trends, negative vs positive EGE, noble gases, anomalous EGE of Cl vs F and S vs O; Pauling scale of electronegativity","35 problems on ranking electron affinities and electronegativities","35","Periodic Properties: Electron Gain Enthalpy (EGE) & Electronegativity","Animal Kingdom: Phylum Aschelminthes & Annelida","Aschelminthes: pseudocoelomate, alimentary canal muscular pharynx, Ascaris, Wuchereria; Annelida: metamerism, longitudinal/circular muscles, nephridia, Nereis, Earthworm, Hirudinaria","45 NCERT line-by-line MCQs on dioecious vs monoecious annelids","45","Animal Kingdom: Phylum Aschelminthes & Annelida","115","35","P: 35 | C: 35 | B: 45 (incl. ~35 PYQs)","Pseudo force direction in accelerating carts and pendulums","Why Cl has higher negative EGE than F in Error Book","Nephridia & parapodia anatomical functions in Annelida",""
"19","DAY 19","1","3","NO","","","","Friction: Static, Limiting & Kinetic Friction","Origin of friction, laws of friction, coefficients μs and μk (μs > μk), limiting friction fs_max = μs N, kinetic friction fk = μk N","35 numericals on finding whether block moves or stays at rest under applied force","35","Friction: Static, Limiting & Kinetic Friction","Periodic Properties: Valence, Oxidation States & Diagonal Relationships","Anomalous properties of second period elements (Li, Be, B), small size, high charge/radius ratio, absence of d-orbitals, diagonal pairs (Li-Mg, Be-Al, B-Si)","30 conceptual MCQs on periodic trends and diagonal similarities","30","Periodic Properties: Valence, Oxidation States & Diagonal Relationships","Animal Kingdom: Phylum Arthropoda (Largest Phylum)","Chitinous exoskeleton, jointed appendages, statocysts, malpighian tubules, book lungs, economic importance (Apis, Bombyx, Laccifer), vectors (Anopheles, Culex, Aedes)","50 NCERT line-by-line MCQs on Arthropoda diversity & Limulus","50","Animal Kingdom: Phylum Arthropoda (Largest Phylum)","115","35","P: 35 | C: 30 | B: 50 (incl. ~35 PYQs)","Checking applied force against limiting friction condition (F_app ≤ fs_max)","Diagonal relationship pairs rationale in Error Book","Arthropod excretion organs & living fossil Limulus traits",""
"20","DAY 20","1","3","NO","","","","Friction: Angle of Friction, Angle of Repose & Two-Block Systems","Angle of repose tanθ = μ, motion of block on rough inclined plane, two-block friction problems (minimum force for relative sliding)","35 numericals on two blocks placed one over the other with friction","35","Friction: Angle of Friction, Angle of Repose & Two-Block Systems","Periodic Classification: Full Chapter Review & 10-Year PYQs","Comprehensive review of atomic radius, IE, EGE, electronegativity, acidic/basic nature of oxides with NEET PYQs","40 timed periodic table PYQs under 45 minutes","40","Periodic Classification: Full Chapter Review & 10-Year PYQs","Animal Kingdom: Phylum Mollusca & Echinodermata","Mollusca: calcareous shell, mantle cavity, radula, feather-like gills, Pila, Octopus; Echinodermata: water vascular system, radial adult/bilateral larva, Asterias, Echinus","50 NCERT line-by-line MCQs on water vascular system and larva symmetry","50","Animal Kingdom: Phylum Mollusca & Echinodermata","125","38","P: 35 | C: 40 | B: 50 (incl. ~38 PYQs)","Two-block acceleration threshold calculation steps","Oxide nature across period (basic -> amphoteric -> acidic) in Error Book","Echinodermata larval vs adult symmetry distinction flashcard",""
"21","DAY 21","1","3","YES","","","","Circular Motion: Centripetal Acceleration & Dynamics of Circular Motion","Angular velocity ω, tangential velocity v = rω, centripetal acceleration ac = v²/r = ω²r, banking of roads without/with friction (v_max = √[rg(μ+tanθ)/(1-μ tanθ)])","35 numericals on death well, conical pendulum, banked roads","35","Circular Motion: Centripetal Acceleration & Dynamics of Circular Motion","Chemical Bonding: Lewis Symbols, Octet Rule & Ionic Bonding","Lattice enthalpy, Born-Haber cycle, factors favoring ionic bond formation (low IE of metal, high negative EGE of non-metal, high lattice energy)","35 numericals on lattice enthalpy and ionic bond properties","35","Chemical Bonding: Lewis Symbols, Octet Rule & Ionic Bonding","Animal Kingdom: Hemichordata & Chordata Overview (Urochordata, Cephalochordata)","Hemichordata: proboscis, collar, trunk, stomochord, Balanoglossus; Chordata: notochord, dorsal hollow nerve cord, pharyngeal gill slits, post-anal tail; Protochordates","50 NCERT line-by-line MCQs on chordate hallmarks","50","Animal Kingdom: Hemichordata & Chordata Overview (Urochordata, Cephalochordata)","120","36","P: 35 | C: 35 | B: 50 (incl. ~36 PYQs)","Week 3 Cumulative Revision: 720-minute rapid review across all Week 3 topics","Audit Week 3 Error Book: banking of roads and Atwood machines review","Chordata vs Non-chordata comparison table 4.1 verbatim","MILESTONE TEST 3: Class 11 Week 3 Review (NLM, Friction, Periodic Trends, Non-Chordates)"
"22","DAY 22","1","4","NO","","","","Work, Energy & Power: Work Done by Constant & Variable Forces","Work W = F·d = F d cosθ, work done by variable force W = ∫F dx, area under F-x curve, work done by spring force W = -½kx²","35 numericals on conservative spring forces and area calculations","35","Work, Energy & Power: Work Done by Constant & Variable Forces","Chemical Bonding: Covalent Bond, Octet Rule Limitations & Formal Charge","Exceptions to octet rule (incomplete octet BF3, odd electron NO, expanded octet PCl5, SF6), formal charge calculation formula","35 problems calculating formal charges on atoms in ozone, carbonate, nitrite","35","Chemical Bonding: Covalent Bond, Octet Rule Limitations & Formal Charge","Animal Kingdom: Vertebrata (Cyclostomata & Chondrichthyes vs Osteichthyes)","Cyclostomes: jawless, sucking circular mouth, Petromyzon migration; Chondrichthyes: cartilaginous, placoid scales, operculum absent, air bladder absent; Osteichthyes: bony, cycloid scales, operculum present, air bladder present","50 NCERT line-by-line MCQs on fish comparisons and electric organs","50","Animal Kingdom: Vertebrata (Cyclostomata & Chondrichthyes vs Osteichthyes)","120","36","P: 35 | C: 35 | B: 50 (incl. ~36 PYQs)","Work done by spring force sign convention (-½k(x2² - x1²))","Formal charge calculation mistakes in Error Book","Chondrichthyes vs Osteichthyes comparison chart",""
"23","DAY 23","1","4","NO","","","","Work, Energy & Power: Kinetic Energy & Work-Energy Theorem","Work-Energy theorem W_net = ΔK = ½mv² - ½mu², application to variable forces and resistive media","35 numericals on bullet penetrating wooden plank and stopping distance","35","Work, Energy & Power: Kinetic Energy & Work-Energy Theorem","Chemical Bonding: VSEPR Theory (Valence Shell Electron Pair Repulsion)","Geometry vs shape of molecules, lone pair-lone pair > lone pair-bond pair > bond pair-bond pair repulsions; shapes of NH3, H2O, SF4, ClF3, XeF2, XeF4","35 problems predicting molecular shapes and bond angles","35","Chemical Bonding: VSEPR Theory (Valence Shell Electron Pair Repulsion)","Animal Kingdom: Amphibia, Reptilia, Aves & Mammalia","Amphibia: dual life, 3-chambered heart; Reptilia: dry cornified skin, 3-chambered heart (Crocodile 4-chambered); Aves: pneumatic bones, air sacs; Mammalia: mammary glands, hair, viviparous (Platypus oviparous)","50 NCERT line-by-line MCQs on vertebrate heart chambers and examples","50","Animal Kingdom: Amphibia, Reptilia, Aves & Mammalia","120","36","P: 35 | C: 35 | B: 50 (incl. ~36 PYQs)","Work-Energy theorem with non-conservative friction work","VSEPR lone pair position in trigonal bipyramidal geometry (equatorial)","Vertebrate classes summary table 4.2 review",""
"24","DAY 24","1","4","NO","","","","Work, Energy & Power: Potential Energy of a Spring & Conservation of Mechanical Energy","Potential energy function U(x), conservative force F = -dU/dx, mechanical energy conservation E = K + U = constant, vertical circular motion critical velocities (√5gl, √3gl, √gl)","35 numericals on vertical circular motion and spring-mass oscillation energy","35","Work, Energy & Power: Potential Energy of a Spring & Conservation of Mechanical Energy","Chemical Bonding: Hybridization (sp, sp², sp³, sp³d, sp³d²)","Concept of orbital mixing, percentage s-character, bond strength, hybridization of central atoms in organic and inorganic species (CH4, C2H4, C2H2, PCl5, SF6, IF7)","35 problems finding hybridization state and steric numbers","35","Chemical Bonding: Hybridization (sp, sp², sp³, sp³d, sp³d²)","Animal Kingdom: Full Chapter Comprehensive NCERT Review & PYQs","Review all 11 phyla from Porifera to Chordata with all scientific names and economic examples","50 timed NEET animal kingdom PYQs under 45 minutes","50","Animal Kingdom: Full Chapter Comprehensive NCERT Review & PYQs","120","36","P: 35 | C: 35 | B: 50 (incl. ~36 PYQs)","Vertical circle string slack condition at highest point (T ≥ 0)","Steric number calculation with coordinate/dative bonds in Error Book","Full Animal Kingdom scientific name flashcard drill",""
"25","DAY 25","1","4","NO","","","","Work, Energy & Power: Power (Instantaneous & Average)","Power P = dW/dt = F·v, average power P_avg = W/t, efficiency of machines, pump lifting water from well (P = mgh/t + ½mv²/t)","35 numericals on motor power, velocity-dependent resistance, car accelerating","35","Work, Energy & Power: Power (Instantaneous & Average)","Chemical Bonding: Molecular Orbital Theory (MOT) Fundamentals","LCAO method, bonding (σ, π) vs antibonding (σ*, π*) MOs, electronic configuration of homonuclear diatomic molecules up to 20 electrons (Z ≤ 7 vs Z > 7)","35 problems on writing MO configurations and calculating bond order (BO = ½(Nb - Na))","35","Chemical Bonding: Molecular Orbital Theory (MOT) Fundamentals","Morphology of Flowering Plants: The Root System","Tap root, fibrous root, adventitious root; regions of root (root cap, meristematic, elongation, maturation with root hairs); modifications for support (prop, stilt) and respiration (pneumatophores in Rhizophora)","45 NCERT line-by-line MCQs on root modifications","45","Morphology of Flowering Plants: The Root System","115","35","P: 35 | C: 35 | B: 45 (incl. ~35 PYQs)","Pump power calculation with kinetic energy of expelled water","MOT energy level order inversion for N2 vs O2 in Error Book","Root regions and Rhizophora pneumatophore diagrams",""
"26","DAY 26","1","4","NO","","","","Collisions in 1D: Elastic & Inelastic Collisions","Conservation of linear momentum, coefficient of restitution e = (v2 - v1)/(u1 - u2), perfectly elastic collision (e=1), completely inelastic collision (e=0), energy loss formula","35 numericals on velocity after collision and kinetic energy loss","35","Collisions in 1D: Elastic & Inelastic Collisions","Chemical Bonding: MOT Bond Order, Magnetic Nature & Bond Strength","Bond order relationship with bond length and bond dissociation energy; paramagnetism (unpaired electrons in B2, O2, O2⁻, O2⁺) vs diamagnetism (C2, N2)","35 problems on comparing bond orders and magnetic species (O2, O2⁺, O2⁻, O2²⁻)","35","Chemical Bonding: MOT Bond Order, Magnetic Nature & Bond Strength","Morphology of Flowering Plants: The Stem & Its Modifications","Nodes, internodes, buds; modifications for food storage (potato, ginger, turmeric, zaminkand), tendrils (gourds), thorns (Citrus, Bougainvillea), phylloclade (Opuntia, Euphorbia), runners, stolons, offsets (Pistia, Eichhornia), suckers","45 NCERT line-by-line MCQs on stem modifications","45","Morphology of Flowering Plants: The Stem & Its Modifications","115","35","P: 35 | C: 35 | B: 45 (incl. ~35 PYQs)","Elastic collision head-on velocity exchange when masses are equal","Superoxide (O2⁻) vs peroxide (O2²⁻) bond order and magnetism in Error Book","Stem modifications examples memorization table",""
"27","DAY 27","1","4","NO","","","","Collisions in 2D (Oblique Collisions) & Center of Mass Basics","Oblique collision momentum conservation along normal and tangential directions; Center of mass of two-particle system (r_cm = (m1 r1 + m2 r2)/(m1 + m2))","35 numericals on COM coordinates and 2D glancing collisions","35","Collisions in 2D (Oblique Collisions) & Center of Mass Basics","Chemical Bonding: Dipole Moment & Hydrogen Bonding","Dipole moment μ = q × d, polar vs non-polar molecules (BF3, NH3 vs NF3 dipole comparison), intermolecular vs intramolecular H-bonding (o-nitrophenol vs p-nitrophenol BP)","35 problems on dipole moments and hydrogen bonding strength","35","Chemical Bonding: Dipole Moment & Hydrogen Bonding","Morphology of Flowering Plants: The Leaf & Venation, Phyllotaxy","Parts of leaf (leaf base, petiole, lamina), venation (reticulate vs parallel), simple vs compound leaves (pinnate, palmate); phyllotaxy (alternate, opposite, whorled); leaf modifications (spines, tendrils, phyllode in Australian acacia)","45 NCERT line-by-line MCQs on leaf modifications and phyllotaxy","45","Morphology of Flowering Plants: The Leaf & Venation, Phyllotaxy","115","35","P: 35 | C: 35 | B: 45 (incl. ~35 PYQs)","Why NF3 has lower dipole moment than NH3 orbital explanation","Intramolecular vs intermolecular H-bonding boiling point effect in Error Book","Leaf venation, phyllotaxy, and modification diagrams",""
"28","DAY 28","1","4","YES","","","","Work Power Energy & Collisions: Full Chapter Review & 10-Year PYQs","Review all work-energy concepts, vertical circle formulas, collision velocity formulas with NEET PYQs","40 timed NEET PYQs under 45 minutes","40","Work Power Energy & Collisions: Full Chapter Review & 10-Year PYQs","Chemical Bonding: Full Chapter Review & High-Yield PYQs","Comprehensive review of VSEPR, Hybridization, MOT, Dipole moment with 10-year NEET PYQs","40 timed chemical bonding PYQs under 45 minutes","40","Chemical Bonding: Full Chapter Review & High-Yield PYQs","Morphology of Flowering Plants: Inflorescence & Flower Structure","Racemose vs cymose inflorescence; flower parts (calyx, corolla, androecium, gynoecium); symmetry (actinomorphic, zygomorphic, asymmetric); position of ovary (hypogynous, perigynous, epigynous)","50 NCERT line-by-line MCQs on flower symmetry and ovary positions","50","Morphology of Flowering Plants: Inflorescence & Flower Structure","130","39","P: 40 | C: 40 | B: 50 (incl. ~39 PYQs)","Week 4 Cumulative Revision: 720-minute rapid review across all Week 4 topics","Audit Week 4 Error Book: re-solve every missed problem from Days 22 to 27","Flower ovary position examples (Mustard, China rose, Plum, Rose, Peach, Guava, Cucumber) list","MILESTONE TEST 4: Class 11 Week 4 Review (Work Energy Power, Chemical Bonding, Plant Morphology I)"
"29","DAY 29","1","5","NO","","","","Center of Mass of Continuous Bodies & Truncated Objects","COM of uniform rod, semicircular ring (2R/π), semicircular disc (4R/3π), hemispherical shell (R/2), solid hemisphere (3R/8); COM of body with cavity (subtraction method)","35 numericals on COM of remaining portion after circular disc cutting","35","Center of Mass of Continuous Bodies & Truncated Objects","Chemical Thermodynamics: System, Surroundings & 1st Law (ΔU = q + w)","Open, closed, isolated systems; state functions vs path functions; intensive vs extensive properties; sign conventions for heat (q) and work (w = -P_ext ΔV)","35 numericals on work done in isothermal reversible vs irreversible expansion","35","Chemical Thermodynamics: System, Surroundings & 1st Law (ΔU = q + w)","Morphology of Flowering Plants: Aestivation, Placentation & Fruit","Aestivation (valvate, twisted, imbricate, vexillary); placentation (marginal, axile, parietal, free central, basal); fruit (drupe in mango and coconut with pericarp layers), seed structure (dicot vs monocot seed)","50 NCERT line-by-line MCQs on aestivation and placentation examples","50","Morphology of Flowering Plants: Aestivation, Placentation & Fruit","120","36","P: 35 | C: 35 | B: 50 (incl. ~36 PYQs)","Cavity method formula X_cm = (A1 x1 - A2 x2)/(A1 - A2)","Isothermal work done w = -2.303 nRT log(V2/V1) signs in Error Book","Placentation types NCERT diagrams and examples",""
"30","DAY 30","1","5","NO","","","","Rotational Motion: Moment of Inertia (MOI) & Theorems","Rotational kinetic energy K = ½Iω², MOI formula I = ∑mi ri²; Theorem of Parallel Axes (I = I_cm + Md²) and Theorem of Perpendicular Axes (Iz = Ix + Iy for planar laminas)","35 numericals on MOI of ring, disc, rod, cylinder, sphere about various axes","35","Rotational Motion: Moment of Inertia (MOI) & Theorems","Chemical Thermodynamics: Enthalpy (ΔH = ΔU + Δn_g RT) & Heat Capacities","Enthalpy change, relationship between ΔH and ΔU for gaseous reactions, heat capacity at constant volume (Cv) and constant pressure (Cp), Mayer relation (Cp - Cv = R)","35 numericals on ΔH vs ΔU calculations and heat capacities","35","Chemical Thermodynamics: Enthalpy (ΔH = ΔU + Δn_g RT) & Heat Capacities","Morphology of Flowering Plants: Plant Families (Fabaceae, Solanaceae, Liliaceae)","Floral characters, floral formula, floral diagram, economic importance, medicinal and ornamental plants of Fabaceae, Solanaceae, and Liliaceae (plus Malvaceae/Cruciferae updates)","50 NCERT line-by-line MCQs on floral formulas and family examples","50","Morphology of Flowering Plants: Plant Families (Fabaceae, Solanaceae, Liliaceae)","120","36","P: 35 | C: 35 | B: 50 (incl. ~36 PYQs)","Radius of gyration k definition (I = Mk²) and MOI table check","Δn_g calculation (gaseous products moles - gaseous reactants moles) in Error Book","Verbatim floral formulas of Fabaceae, Solanaceae, Liliaceae",""
"31","DAY 31","1","5","NO","","","","Rotational Motion: Torque (τ = r × F = Iα) & Rotational Equilibrium","Torque definition, couple, rotational equilibrium conditions (∑F = 0 and ∑τ = 0), ladder friction problems, see-saw balance","35 numericals on finding reaction forces on hinged rods and leaning ladders","35","Rotational Motion: Torque (τ = r × F = Iα) & Rotational Equilibrium","Chemical Thermodynamics: Thermochemistry & Hess Law of Constant Heat Summation","Enthalpy of reaction, enthalpy of formation (ΔfH° of standard elements = 0), combustion, neutralization, atomization; Hess law application","35 numericals on calculating enthalpy of reaction using Hess law cycles","35","Chemical Thermodynamics: Thermochemistry & Hess Law of Constant Heat Summation","Anatomy of Flowering Plants: Meristematic & Permanent Tissues","Apical, intercalary, lateral meristems (fascicular vascular cambium, cork cambium); simple tissues (parenchyma, collenchyma, sclerenchyma); complex tissues (xylem tracheids/vessels, phloem sieve tubes/companion cells)","45 NCERT line-by-line MCQs on collenchyma angular thickening and xylem elements","45","Anatomy of Flowering Plants: Meristematic & Permanent Tissues","115","35","P: 35 | C: 35 | B: 45 (incl. ~35 PYQs)","Torque equilibrium pivot point selection rules","Hess law subtraction vs addition enthalpy sign tracking in Error Book","Simple tissues cell wall composition (pectin, cellulose, lignin) flashcards",""
"32","DAY 32","1","5","NO","","","","Rotational Motion: Angular Momentum (L = r × p = Iω) & Its Conservation","Angular momentum of particle and rigid body, relation between torque and angular momentum (τ = dL/dt), conservation of angular momentum when net external torque = 0","35 numericals on diver curling body, spinning turntable, person with dumbbells","35","Rotational Motion: Angular Momentum (L = r × p = Iω) & Its Conservation","Chemical Thermodynamics: Entropy (ΔS) & 2nd Law of Thermodynamics","Spontaneous vs non-spontaneous processes, entropy as measure of disorder, ΔS_sys = q_rev/T, total entropy change ΔS_total = ΔS_sys + ΔS_surr > 0 for spontaneity","35 numericals on calculating entropy changes during phase transitions and reactions","35","Chemical Thermodynamics: Entropy (ΔS) & 2nd Law of Thermodynamics","Anatomy of Flowering Plants: Tissue Systems (Epidermal, Ground, Vascular)","Epidermal tissue system (cuticle, stomatal apparatus, trichomes, root hairs); ground tissue (cortex, endodermis with Casparian strips, pericycle, pith); vascular bundles (radial, conjoint, open, closed)","45 NCERT line-by-line MCQs on Casparian strips (suberin) and guard cells","45","Anatomy of Flowering Plants: Tissue Systems (Epidermal, Ground, Vascular)","115","35","P: 35 | C: 35 | B: 45 (incl. ~35 PYQs)","Angular momentum conservation I1 ω1 = I2 ω2 calculation steps","Entropy change in boiling water vs freezing water signs in Error Book","Casparian strip anatomy and radial vascular bundles in roots",""
"33","DAY 33","1","5","NO","","","","Rotational Motion: Pure Rolling Motion (Rolling Without Slipping)","Kinematics of rolling v_cm = Rω, acceleration a_cm = Rα; total kinetic energy K_total = K_trans + K_rot = ½Mv²(1 + k²/R²); rolling on inclined plane (a = g sinθ / (1 + k²/R²))","35 numericals on comparing acceleration and time of rolling of ring, disc, sphere on incline","35","Rotational Motion: Pure Rolling Motion (Rolling Without Slipping)","Chemical Thermodynamics: Gibbs Free Energy (ΔG = ΔH - TΔS) & Spontaneity","Criteria for spontaneity: ΔG < 0 (spontaneous), ΔG = 0 (equilibrium), ΔG > 0 (non-spontaneous); temperature dependence of spontaneity (signs of ΔH and ΔS table); relationship ΔG° = -2.303 RT log K","35 numericals on predicting spontaneity temperature and equilibrium constant K","35","Chemical Thermodynamics: Gibbs Free Energy (ΔG = ΔH - TΔS) & Spontaneity","Anatomy of Flowering Plants: Anatomy of Dicot & Monocot Root, Stem & Leaf","Dicot root (diarch to hexarch xylem) vs monocot root (polyarch xylem); dicot stem (ring vascular bundles) vs monocot stem (scattered vascular bundles); dorsiventral dicot leaf vs isobilateral monocot leaf (bulliform cells)","50 NCERT line-by-line MCQs on root/stem/leaf cross sections","50","Anatomy of Flowering Plants: Anatomy of Dicot & Monocot Root, Stem & Leaf","120","36","P: 35 | C: 35 | B: 50 (incl. ~36 PYQs)","Rolling on inclined plane order of arrival (solid sphere > disc > solid cylinder > hollow sphere > ring)","Gibbs Helmholtz equation spontaneity temperature cutoff in Error Book","Dicot vs monocot root/stem/leaf anatomical comparison table",""
"34","DAY 34","1","5","NO","","","","Rotational Motion: Full Chapter Comprehensive Review & NEET PYQs","Review MOI formulas, parallel/perpendicular axis theorems, torque, angular momentum conservation, rolling dynamics with 10-year NEET PYQs","40 timed rotational motion PYQs under 45 minutes","40","Rotational Motion: Full Chapter Comprehensive Review & NEET PYQs","Chemical Thermodynamics: Full Chapter Comprehensive Review & NEET PYQs","Review 1st law, enthalpy, Hess law, bond enthalpies, entropy, Gibbs energy, spontaneity with 10-year NEET PYQs","40 timed thermodynamics PYQs under 45 minutes","40","Chemical Thermodynamics: Full Chapter Comprehensive Review & NEET PYQs","Anatomy of Flowering Plants: Secondary Growth & Full Chapter Review","Vascular cambium activity, spring wood vs autumn wood, annual rings, heartwood vs sapwood, cork cambium (phellogen, phellem, phelloderm); lenticels, bark","50 NCERT line-by-line MCQs on secondary growth and annual rings","50","Anatomy of Flowering Plants: Secondary Growth & Full Chapter Review","130","39","P: 40 | C: 40 | B: 50 (incl. ~39 PYQs)","Rotational dynamics combined formula sheet review","Heartwood vs sapwood characteristics (durability, conduction) in Error Book","Anatomy NCERT diagrams of dicot stem secondary growth",""
"35","DAY 35","1","5","YES","","","","Gravitation: Kepler Laws & Newton Universal Law of Gravitation","Kepler 1st (elliptical orbits), 2nd (areolar velocity dA/dt = L/2m = constant), 3rd law (T² ∝ r³); Newton law F = G m1 m2 / r², vector form, principle of superposition","35 numericals on ratio of time periods, gravitational force between multiple masses","35","Gravitation: Kepler Laws & Newton Universal Law of Gravitation","Chemical Equilibrium: Law of Mass Action & Equilibrium Constants (Kc, Kp)","Dynamic nature of equilibrium, law of mass action, relation between Kp and Kc (Kp = Kc (RT)^Δn_g), characteristics and unit of equilibrium constants","35 numericals on converting Kc to Kp and equilibrium constant manipulation rules","35","Chemical Equilibrium: Law of Mass Action & Equilibrium Constants (Kc, Kp)","Structural Organisation in Animals: Epithelial Tissue","Simple epithelium (squamous: diffusion boundary in alveoli/blood vessels; cuboidal: secretion/absorption in ducts/PCT; columnar: stomach/intestine lining); ciliated (bronchioles, fallopian tubes); compound epithelium (skin); cell junctions (tight, adhering, gap junctions)","45 NCERT line-by-line MCQs on epithelial locations and cell junctions","45","Structural Organisation in Animals: Epithelial Tissue","115","35","P: 35 | C: 35 | B: 45 (incl. ~35 PYQs)","Week 5 Cumulative Revision: 720-minute rapid review across all Week 5 topics","Audit Week 5 Error Book: rotational motion and thermodynamics mistakes check","Epithelial tissue types and cell junction definitions review","MILESTONE TEST 5: Class 11 Week 5 Review (Rotation, Thermodynamics, Plant Anatomy, Epithelial Tissue)"
"36","DAY 36","1","6","NO","","","","Gravitation: Acceleration Due to Gravity (g) & Its Variations","g at surface g = GM/R² = 4/3 π G ρ R; variation with altitude g_h = g(1 - 2h/R), variation with depth g_d = g(1 - d/R), variation with latitude g_eff = g - Rω² cos²λ","35 numericals on weight change at height h, depth d, and equator vs pole","35","Gravitation: Acceleration Due to Gravity (g) & Its Variations","Chemical Equilibrium: Reaction Quotient (Q) & Le Chatelier Principle","Reaction quotient Q vs K (Q < K forward, Q > K backward, Q = K equilibrium); Le Chatelier principle: effect of change in concentration, pressure, volume, temperature (exothermic vs endothermic), inert gas addition (constant V vs constant P)","35 conceptual and numerical problems on shifting equilibrium position","35","Chemical Equilibrium: Reaction Quotient (Q) & Le Chatelier Principle","Structural Organisation in Animals: Connective Tissue","Loose connective tissue (areolar, adipose: fat storage); dense connective tissue (dense regular: tendons attach muscle to bone, ligaments attach bone to bone; dense irregular: skin dermis); specialized connective tissue (cartilage chondrocytes, bone osteocytes, blood)","45 NCERT line-by-line MCQs on connective tissue fibers (collagen/elastin) and cells","45","Structural Organisation in Animals: Connective Tissue","115","35","P: 35 | C: 35 | B: 45 (incl. ~35 PYQs)","Percentage change in g at small height (Δg/g = -2Δh/R)","Le Chatelier inert gas addition at constant pressure vs constant volume in Error Book","Connective tissue classification chart review",""
"37","DAY 37","1","6","NO","","","","Gravitation: Gravitational Potential Energy & Gravitational Potential (V)","Gravitational PE U = -GMm/r, work done in shifting body from r1 to r2; gravitational potential V = -GM/r, relation between gravitational field and potential (E = -dV/dr)","35 numericals on potential at points due to spherical shells and solid spheres","35","Gravitation: Gravitational Potential Energy & Gravitational Potential (V)","Ionic Equilibrium: Acids, Bases & Ostwald Dilution Law","Arrhenius, Bronsted-Lowry (conjugate acid-base pairs), Lewis acid-base concept; degree of ionization α, Ostwald dilution law (Ka = Cα² / (1-α) ≈ Cα²), ionization of weak acids and bases","35 numericals on calculating degree of dissociation α and Ka","35","Ionic Equilibrium: Acids, Bases & Ostwald Dilution Law","Structural Organisation in Animals: Muscular & Neural Tissues","Muscular tissue (skeletal: striated, voluntary, multinucleated; smooth: non-striated, involuntary, fusiform, uninucleated; cardiac: striated, involuntary, intercalated discs); Neural tissue (neurons, neuroglial cells constitute > 50% volume of neural tissue)","45 NCERT line-by-line MCQs on muscle fibers and intercalated discs","45","Structural Organisation in Animals: Muscular & Neural Tissues","115","35","P: 35 | C: 35 | B: 45 (incl. ~35 PYQs)","Gravitational potential inside a thin uniform spherical shell is constant (V = -GM/R)","Conjugate acid-base pair difference (one H+ ion) in Error Book","Muscle types comparison table review",""
"38","DAY 38","1","6","NO","","","","Gravitation: Escape Velocity & Orbital Velocity of Satellites","Escape velocity v_e = √(2GM/R) = √(2gR) ≈ 11.2 km/s on Earth; orbital velocity v_o = √(GM/r) = √(gR); relation v_e = √2 v_o; time period of satellite T = 2π√(r³/GM); geostationary satellites (T=24h, h=36,000 km)","35 numericals on satellite velocity, energy (E_total = -GMm/2r), binding energy","35","Gravitation: Escape Velocity & Orbital Velocity of Satellites","Ionic Equilibrium: Ionization of Water, Kw & pH Scale","Ionic product of water Kw = [H+][OH-] = 1.0 × 10⁻¹⁴ at 298 K, temperature dependence of Kw, pH = -log[H+], pOH = -log[OH-], pH + pOH = 14; pH of strong acid/base dilutions (including 10⁻⁸ M HCl)","35 numericals on calculating pH of acidic and basic solutions and mixtures","35","Ionic Equilibrium: Ionization of Water, Kw & pH Scale","Structural Organisation in Animals: Frog Morphology & Digestive/Respiratory Systems","Morphology of Rana tigrina (skin mucus, eyes with nictitating membrane, tympanum, forelimbs 4 digits, hindlimbs 5 webbed digits); digestive system (alimentary canal short, bilobed tongue); respiration (cutaneous, buccal cavity, pulmonary)","45 NCERT line-by-line MCQs on frog organ systems","45","Structural Organisation in Animals: Frog Morphology & Digestive/Respiratory Systems","115","35","P: 35 | C: 35 | B: 45 (incl. ~35 PYQs)","Satellite energy relationship (K = -E_total, U = 2E_total)","pH calculation of dilute 10⁻⁸ M HCl (accounting for water H+) in Error Book","Frog external morphology and digestive anatomy diagrams",""
"39","DAY 39","1","6","NO","","","","Gravitation: Full Chapter Comprehensive Review & NEET PYQs","Review g variation formulas, Kepler laws, PE, satellite energies, escape speed with 10-year NEET PYQs","40 timed gravitation PYQs under 45 minutes","40","Gravitation: Full Chapter Comprehensive Review & NEET PYQs","Ionic Equilibrium: Salt Hydrolysis & pH of Salt Solutions","Hydrolysis of salts of: (1) strong acid + weak base (cationic hydrolysis, pH < 7), (2) weak acid + strong base (anionic hydrolysis, pH > 7), (3) weak acid + weak base; formulas for hydrolysis constant Kh, degree of hydrolysis h, and pH","35 numericals on salt hydrolysis pH formulas","35","Ionic Equilibrium: Salt Hydrolysis & pH of Salt Solutions","Structural Organisation in Animals: Frog Circulatory, Excretory, Nervous & Reproductive Systems","Circulatory system (3-chambered heart, sinus venosus, conus arteriosus, hepatic/renal portal systems, nucleated RBCs); excretory (mesonephric kidneys, ureotelic); nervous (10 pairs cranial nerves); male (Bidder canal in kidney) vs female reproductive system","50 NCERT line-by-line MCQs on frog circulation and Bidder canal","50","Structural Organisation in Animals: Frog Circulatory, Excretory, Nervous & Reproductive Systems","125","38","P: 40 | C: 35 | B: 50 (incl. ~38 PYQs)","Gravitation formula consolidation (g, V, E, v_e, v_o)","Salt hydrolysis pH formula signs (pH = 7 + ½pKa - ½pKb) in Error Book","Frog male reproductive system with Bidder canal anatomy review",""
"40","DAY 40","1","6","NO","","","","Mechanical Properties of Solids: Elasticity, Stress, Strain & Hooke Law","Deforming force, restoring force, stress (tensile, compressive, shear, volumetric = F/A), strain (longitudinal, shearing, volumetric = ΔL/L), Hooke law (Stress = E × Strain)","35 numericals on stress, strain, breaking stress, factor of safety","35","Mechanical Properties of Solids: Elasticity, Stress, Strain & Hooke Law","Ionic Equilibrium: Buffer Solutions & Henderson-Hasselbalch Equation","Buffer action, acidic buffer (weak acid + its conjugate salt, e.g., CH3COOH + CH3COONa), basic buffer (weak base + its conjugate salt, e.g., NH4OH + NH4Cl); Henderson equations: pH = pKa + log([Salt]/[Acid]) and pOH = pKb + log([Salt]/[Base])","35 numericals on buffer pH and buffer capacity","35","Ionic Equilibrium: Buffer Solutions & Henderson-Hasselbalch Equation","Cell: The Unit of Life: Cell Theory & Prokaryotic Cell","Cell theory (Schleiden, Schwann, Virchow ""Omnis cellula-e cellula""); Prokaryotic cell envelope (glycocalyx capsule/slime layer, cell wall, plasma membrane), mesosomes, bacterial flagellum (filament, hook, basal body), pili, fimbriae, inclusion bodies","45 NCERT line-by-line MCQs on prokaryotic structures and ribosomes (70S)","45","Cell: The Unit of Life: Cell Theory & Prokaryotic Cell","115","35","P: 35 | C: 35 | B: 45 (incl. ~35 PYQs)","Longitudinal strain elongation under wire own weight (ΔL = ρgL² / 2Y)","Henderson-Hasselbalch equation salt/acid ratio change in Error Book","Prokaryotic cell structure and mesosome functions flashcards",""
"41","DAY 41","1","6","NO","","","","Mechanical Properties of Solids: Young Modulus, Shear Modulus & Bulk Modulus","Young modulus Y = (F/A)/(ΔL/L), Shear modulus G = (F/A)/θ, Bulk modulus B = -ΔP / (ΔV/V), Compressibility k = 1/B, Poisson ratio σ = -lateral strain / longitudinal strain (theoretical limits -1 to 0.5)","35 numericals on wire elongation under load, Bulk modulus of liquids","35","Mechanical Properties of Solids: Young Modulus, Shear Modulus & Bulk Modulus","Ionic Equilibrium: Solubility Product (Ksp) & Common Ion Effect","Solubility product expression for binary (AxBy ⇌ x A^y+ + y B^x-), relation between Ksp and molar solubility s, criteria for precipitation (Ionic product Qsp > Ksp: precipitate forms), common ion effect on solubility","35 numericals on Ksp calculations, selective precipitation of cations","35","Ionic Equilibrium: Solubility Product (Ksp) & Common Ion Effect","Cell: The Unit of Life: Eukaryotic Cell Wall, Plasma Membrane & Endomembrane System","Fluid mosaic model (Singer & Nicolson 1972), quasi-fluid lipid bilayer, integral/peripheral proteins; Endomembrane system: Endoplasmic Reticulum (RER protein synthesis, SER lipid/steroid synthesis), Golgi apparatus (cis/trans face, glycosylation of proteins/lipids)","45 NCERT line-by-line MCQs on fluid mosaic model and Golgi packaging","45","Cell: The Unit of Life: Eukaryotic Cell Wall, Plasma Membrane & Endomembrane System","115","35","P: 35 | C: 35 | B: 45 (incl. ~35 PYQs)","Poisson ratio and inter-relations between elastic moduli (Y, B, G, σ)","Precipitation condition Qsp vs Ksp in Error Book","Fluid mosaic model diagram and endomembrane components",""
"42","DAY 42","1","6","YES","","","","Mechanical Properties of Solids: Elastic Potential Energy & Stress-Strain Curve","Stress-strain curve (proportional limit, elastic limit/yield point, ultimate tensile strength, fracture point, ductile vs brittle materials, elastomers); elastic potential energy density u = ½ × stress × strain = ½ Y (strain)²","35 numericals on work done in stretching a wire (W = ½ F ΔL)","35","Mechanical Properties of Solids: Elastic Potential Energy & Stress-Strain Curve","Ionic Equilibrium: Full Chapter Comprehensive Review & NEET PYQs","Review all formulas: Ostwald dilution, pH of mixtures, salt hydrolysis, Henderson buffer equations, Ksp precipitation with 10-year NEET PYQs","40 timed ionic equilibrium PYQs under 45 minutes","40","Ionic Equilibrium: Full Chapter Comprehensive Review & NEET PYQs","Cell: The Unit of Life: Lysosomes, Vacuoles, Mitochondria & Plastids","Lysosomes (hydrolytic enzymes active at acidic pH); Vacuoles (tonoplast membrane, sap vacuole in plants); Mitochondria (power house, cristae, matrix, circular DNA, 70S ribosomes); Plastids (chloroplast thylakoids/grana, stroma, chromoplasts, leucoplasts)","50 NCERT line-by-line MCQs on mitochondrial cristae and chloroplast stroma","50","Cell: The Unit of Life: Lysosomes, Vacuoles, Mitochondria & Plastids","125","38","P: 35 | C: 40 | B: 50 (incl. ~38 PYQs)","Area under stress-strain curve = strain energy per unit volume","Ksp calculation with polyvalent ions (e.g., Al(OH)3, Ca3(PO4)2) in Error Book","Mitochondria and chloroplast double membrane anatomy review","MILESTONE TEST 6: Class 11 Week 6 Review (Solids Elasticity, Equilibrium, Cell Biology I)"
"43","DAY 43","1","7","NO","","","","Mechanical Properties of Fluids: Pressure, Pascal Law & Hydraulic Lift","Fluid pressure P = F/A, variation of pressure with depth P = P₀ + ρgh, gauge pressure vs absolute pressure, Pascal law (pressure applied to enclosed fluid transmitted undiminished), hydraulic lift principle (F1/A1 = F2/A2)","35 numericals on U-tube manometers and hydraulic press force multiplication","35","Mechanical Properties of Fluids: Pressure, Pascal Law & Hydraulic Lift","Redox Reactions: Oxidation Number Concept & Rules","Classical vs electronic concept of oxidation and reduction; rules for assigning oxidation numbers, fractional oxidation numbers in Fe3O4, C3O2, Br3O8; exceptional cases (CrO5 butterfly structure, H2SO5, H2S2O8 Caro & Marshall acids)","35 problems calculating oxidation numbers of central atoms in complex compounds","35","Redox Reactions: Oxidation Number Concept & Rules","Cell: The Unit of Life: Ribosomes, Cytoskeleton, Cilia, Flagella & Centrosome","Ribosomes (George Palade 1953, 80S in eukaryotes composed of 60S and 40S subunits); Cytoskeleton (microfilaments, microtubules); Cilia and flagella (9+2 axoneme arrangement of microtubules); Centrosome (two centrioles with 9+0 cartwheel structure)","45 NCERT line-by-line MCQs on axoneme 9+2 vs centriole 9+0 arrangement","45","Cell: The Unit of Life: Ribosomes, Cytoskeleton, Cilia, Flagella & Centrosome","115","35","P: 35 | C: 35 | B: 45 (incl. ~35 PYQs)","U-tube manometer fluid interface height balancing (ρ1 h1 = ρ2 h2)","Peroxide bond (-O-O-) oxidation state identification in Error Book","Cilia/flagella 9+2 cross section vs centriole 9+0 diagram",""
"44","DAY 44","1","7","NO","","","","Mechanical Properties of Fluids: Archimedes Principle & Buoyancy","Buoyant force F_b = weight of displaced fluid = V_submerged ρ_fluid g; laws of floatation (V_sub / V_total = ρ_body / ρ_fluid), apparent weight of submerged body W_app = W - F_b","35 numericals on ice cube melting in water, body floating at liquid interfaces","35","Mechanical Properties of Fluids: Archimedes Principle & Buoyancy","Redox Reactions: Balancing Redox Equations (Ion-Electron & Oxidation Number Methods)","Balancing in acidic medium (balance atoms other than O and H, balance O with H2O, balance H with H+, balance charge with e⁻); balancing in basic medium (add OH⁻ equal to H+ on both sides); disproportionation reactions","35 balancing problems in acidic and alkaline media","35","Redox Reactions: Balancing Redox Equations (Ion-Electron & Oxidation Number Methods)","Cell: The Unit of Life: Nucleus, Chromatin & Chromosome Structure","Nucleus (Robert Brown 1831), nuclear envelope, nuclear pores, nucleolus (site of active rRNA synthesis); chromatin (histones + DNA); chromosome types based on centromere position (metacentric, sub-metacentric, acrocentric, telocentric), satellite chromosomes","45 NCERT line-by-line MCQs on chromosome morphology and nucleolus","45","Cell: The Unit of Life: Nucleus, Chromatin & Chromosome Structure","115","35","P: 35 | C: 35 | B: 45 (incl. ~35 PYQs)","Apparent weight of object immersed in liquid formula","Balancing disproportionation reactions (e.g., P4 + OH⁻, Cl2 + OH⁻) in Error Book","Chromosome classification diagram based on centromere position",""
"45","DAY 45","1","7","NO","","","","Mechanical Properties of Fluids: Streamline Flow, Equation of Continuity & Bernoulli Principle","Streamline vs turbulent flow, Reynolds number (laminar vs turbulent threshold); Equation of continuity A1 v1 = A2 v2; Bernoulli principle P + ½ρv² + ρgh = constant; applications: Venturimeter, Torricelli law of efflux (v = √(2gh))","35 numericals on Torricelli efflux velocity, range of water jet, Venturi tube","35","Mechanical Properties of Fluids: Streamline Flow, Equation of Continuity & Bernoulli Principle","Redox Reactions: Electrochemical Cell Basics & Standard Electrode Potentials","Galvanic cell vs electrolytic cell, representation of cell, standard hydrogen electrode (SHE, E° = 0.0 V), electrochemical series, predicting feasibility of redox reactions and displacement of metals/hydrogen","35 problems on electrochemical series reactivity trends and cell EMF","35","Redox Reactions: Electrochemical Cell Basics & Standard Electrode Potentials","Cell: The Unit of Life: Full Chapter Comprehensive NCERT Review & PYQs","Review all prokaryotic and eukaryotic organelles, fluid mosaic model, endomembrane system, cytoskeleton with 10-year NEET PYQs","50 timed cell biology PYQs under 45 minutes","50","Cell: The Unit of Life: Full Chapter Comprehensive NCERT Review & PYQs","120","36","P: 35 | C: 35 | B: 50 (incl. ~36 PYQs)","Torricelli law range of liquid jet on ground (R = 2√(h(H-h)))","Electrochemical series spontaneity prediction (E°_cell > 0) in Error Book","Full Cell Biology high-yield table review",""
"46","DAY 46","1","7","NO","","","","Mechanical Properties of Fluids: Viscosity, Stokes Law & Terminal Velocity","Newton law of viscous force F = -η A (dv/dx), coefficient of viscosity η; Stokes law for falling sphere F_v = 6πηrv; Terminal velocity formula v_t = 2/9 r² (ρ - σ) g / η","35 numericals on terminal velocity of raindrops and viscous drag force","35","Mechanical Properties of Fluids: Viscosity, Stokes Law & Terminal Velocity","Organic Chemistry: Some Basic Principles — Classification & IUPAC Nomenclature of Alkanes, Alkenes, Alkynes","Classification of organic compounds; rules of IUPAC nomenclature: longest carbon chain, lowest locant rule, alphabetical ordering of substituents, numbering polyfunctional hydrocarbons","35 IUPAC naming problems for branched hydrocarbons and cyclic alkanes","35","Organic Chemistry: Some Basic Principles — Classification & IUPAC Nomenclature of Alkanes, Alkenes, Alkynes","Biomolecules: Carbohydrates (Monosaccharides, Disaccharides, Polysaccharides)","Elemental analysis of living tissue (trichloroacetic acid soluble vs insoluble fraction); Monosaccharides (trioses, pentoses ribose/deoxyribose, hexoses glucose/fructose); Disaccharides (maltose, lactose, sucrose); Polysaccharides (starch iodine test, cellulose structural, glycogen storage, chitin fungal cell wall)","45 NCERT line-by-line MCQs on carbohydrate linkages (glycosidic bonds)","45","Biomolecules: Carbohydrates (Monosaccharides, Disaccharides, Polysaccharides)","115","35","P: 35 | C: 35 | B: 45 (incl. ~35 PYQs)","Terminal velocity dependence on radius squared (v_t ∝ r²)","IUPAC lowest locant set rule priority in Error Book","Carbohydrate reducing vs non-reducing sugars summary",""
"47","DAY 47","1","7","NO","","","","Mechanical Properties of Fluids: Surface Tension, Surface Energy & Capillarity","Molecular theory of surface tension T = F/L; surface energy per unit area U = T ΔA; excess pressure inside: liquid drop (ΔP = 2T/R), soap bubble (ΔP = 4T/R); angle of contact θ; capillary rise formula h = 2T cosθ / (ρ r g)","35 numericals on soap bubble excess pressure, work done in blowing bubble, capillary rise","35","Mechanical Properties of Fluids: Surface Tension, Surface Energy & Capillarity","Organic Chemistry: IUPAC Nomenclature of Functional Groups","Priority order of functional groups: -COOH > -SO3H > ester > acid chloride > amide > nitrile > aldehyde > ketone > alcohol > amine > double bond > triple bond; IUPAC naming of polyfunctional compounds","35 IUPAC nomenclature problems on polyfunctional organic compounds","35","Organic Chemistry: IUPAC Nomenclature of Functional Groups","Biomolecules: Amino Acids & Proteins (Primary, Secondary, Tertiary, Quaternary Structure)","20 standard amino acids (zwitterion structure, acidic, basic, neutral, aromatic); Peptide bond formation (-CONH-); Protein structures: Primary (sequence), Secondary (α-helix, β-pleated sheet stabilized by H-bonds), Tertiary (3D folding, active sites, disulfide bonds), Quaternary (hemoglobin 2α + 2β chains)","45 NCERT line-by-line MCQs on zwitterion pH and protein structure levels","45","Biomolecules: Amino Acids & Proteins (Primary, Secondary, Tertiary, Quaternary Structure)","115","35","P: 35 | C: 35 | B: 45 (incl. ~35 PYQs)","Capillary ascent in tube of insufficient length (liquid does not overflow, curvature radius changes)","Functional group priority order memorization in Error Book","Protein structural hierarchy diagrams and RuBisCO/collagen abundance facts",""
"48","DAY 48","1","7","NO","","","","Fluids & Solids: Full Unit Comprehensive Review & NEET PYQs","Review elasticity, Bernoulli principle, terminal velocity, surface tension, capillary rise with 10-year NEET PYQs","40 timed fluids and solids PYQs under 45 minutes","40","Fluids & Solids: Full Unit Comprehensive Review & NEET PYQs","Organic Chemistry: Structural Isomerism","Chain isomerism, position isomerism, functional group isomerism, metamerism, tautomerism (keto-enol tautomerism conditions and stability)","35 problems identifying structural isomers and drawing all possible isomers for given molecular formula","35","Organic Chemistry: Structural Isomerism","Biomolecules: Lipids & Nucleic Acids (DNA & RNA Nucleotides)","Lipids: fatty acids (saturated vs unsaturated palmitic/arachidonic acid), glycerol, triglycerides (fats/oils), phospholipids (lecithin in cell membrane); Nucleic acids: nitrogenous bases (purines: adenine, guanine; pyrimidines: cytosine, uracil, thymine), nucleosides, nucleotides with phosphodiester bonds","45 NCERT line-by-line MCQs on lecithin, nucleotides, and Chargaff base pairing","45","Biomolecules: Lipids & Nucleic Acids (DNA & RNA Nucleotides)","120","36","P: 40 | C: 35 | B: 45 (incl. ~36 PYQs)","Fluids formulas rapid revision check","Tautomerism alpha-hydrogen requirement in Error Book","Lecithin and nucleotide chemical structure diagrams review",""
"49","DAY 49","1","7","YES","","","","Thermal Properties of Matter: Temperature, Heat & Thermal Expansion","Temperature scales (Celsius, Fahrenheit, Kelvin interconversions); thermal expansion in solids: linear (ΔL = L₀ α ΔT), superficial (ΔA = A₀ β ΔT), volumetric (ΔV = V₀ γ ΔT); relationship α : β : γ = 1 : 2 : 3; anomalous expansion of water between 0°C and 4°C","35 numericals on bimetallic strips, thermal stress in clamped rods (Stress = Y α ΔT)","35","Thermal Properties of Matter: Temperature, Heat & Thermal Expansion","Organic Chemistry: Electronic Displacements — Inductive & Electromeric Effects","Inductive effect (+I and -I groups, permanent effect, distance dependent); electromeric effect (+E and -E, temporary effect in presence of attacking reagent); application of inductive effect to stability of carbocations, carbanions, carbon free radicals","35 problems ranking stability of reaction intermediates based on inductive effect","35","Organic Chemistry: Electronic Displacements — Inductive & Electromeric Effects","Biomolecules: Enzymes — Classification, Properties & Factors Affecting Activity","Enzymes as biocatalysts, lowering of activation energy; lock and key vs induced fit; factors affecting enzyme activity (temperature, pH, substrate concentration, Km Michaelis constant); competitive inhibition (malonate inhibits succinate dehydrogenase)","50 NCERT line-by-line MCQs on enzyme activation energy graph and competitive inhibition","50","Biomolecules: Enzymes — Classification, Properties & Factors Affecting Activity","120","36","P: 35 | C: 35 | B: 50 (incl. ~36 PYQs)","Week 7 Cumulative Revision: 720-minute rapid review across all Week 7 topics","Audit Week 7 Error Book: organic reaction intermediates and fluids review","Enzyme kinetics graphs (v vs [S], effect of competitive inhibitor)","MILESTONE TEST 7: Class 11 Week 7 Review (Fluids, IUPAC & Isomerism, Biomolecules)"
"50","DAY 50","1","8","NO","","","","Thermal Properties of Matter: Calorimetry & Latent Heat","Specific heat capacity s = Q / (m ΔT), molar heat capacity, water equivalent of calorimeter; principle of calorimetry (heat lost = heat gained); latent heat of fusion (ice L_f = 80 cal/g), latent heat of vaporization (steam L_v = 540 cal/g)","35 numericals on mixing ice and water/steam, finding final equilibrium temperature","35","Thermal Properties of Matter: Calorimetry & Latent Heat","Organic Chemistry: Resonance Effect (Mesomeric Effect) & Hyperconjugation","Resonance conditions (conjugation, planarity), +M and -M groups; resonance stability rules; hyperconjugation (no-bond resonance, Baker-Nathan effect, alpha-hydrogens count); application to carbocation stability and alkene stability","35 problems on drawing resonance structures and comparing carbocation/alkene stabilities","35","Organic Chemistry: Resonance Effect (Mesomeric Effect) & Hyperconjugation","Biomolecules: Full Chapter Comprehensive Review & NEET PYQs","Review carbohydrates, proteins, lipids, nucleic acids, dynamic state of body constituents, enzyme classification with 10-year NEET PYQs","50 timed biomolecules PYQs under 45 minutes","50","Biomolecules: Full Chapter Comprehensive Review & NEET PYQs","120","36","P: 35 | C: 35 | B: 50 (incl. ~36 PYQs)","Ice-water-steam mixture phase equilibrium calculation steps","Hyperconjugation alpha-hydrogen counting for alkenes in Error Book","Biomolecules NCERT tables (Table 9.1 to 9.5) thorough check",""
"51","DAY 51","1","8","NO","","","","Thermal Properties of Matter: Heat Transfer — Conduction, Convection & Radiation","Conduction: rate of heat flow dQ/dt = k A (T1 - T2) / L, thermal resistance R_th = L / (kA), combination of slabs in series and parallel; convection basics; radiation: blackbody, absorbing and reflecting power","35 numericals on equivalent thermal conductivity of composite slabs and junction temperature","35","Thermal Properties of Matter: Heat Transfer — Conduction, Convection & Radiation","Organic Chemistry: Types of Organic Reactions & Fission of Covalent Bonds","Homolytic fission (free radical formation) vs heterolytic fission (carbocations and carbanions); electrophiles (Lewis acids, electron deficient) vs nucleophiles (Lewis bases, electron rich); types of reactions: substitution, addition, elimination, rearrangement","35 problems identifying electrophilic vs nucleophilic centers","35","Organic Chemistry: Types of Organic Reactions & Fission of Covalent Bonds","Cell Cycle and Cell Division: Cell Cycle Phases (Interphase: G1, S, G2)","Cell cycle definition, duration; Interphase (G1 phase: cell metabolically active, organelle duplication; S phase: DNA replication, centriole duplication in cytoplasm, chromosome number remains 2n while DNA amount doubles 2C to 4C; G2 phase: protein synthesis); G0 quiescent stage","45 NCERT line-by-line MCQs on S phase DNA content and chromosome number","45","Cell Cycle and Cell Division: Cell Cycle Phases (Interphase: G1, S, G2)","115","35","P: 35 | C: 35 | B: 45 (incl. ~35 PYQs)","Thermal resistance equivalent formula analogous to electric resistors","Electrophile vs nucleophile classification in Error Book","Cell cycle phase pie chart diagram and S-phase ploidy facts",""
"52","DAY 52","1","8","NO","","","","Thermal Properties of Matter: Radiation Laws (Stefan-Boltzmann, Wien Displacement & Newton Cooling)","Stefan-Boltzmann law E = σ T⁴ (for non-blackbody E = e σ A T⁴); Wien displacement law λ_max T = b = constant; Newton law of cooling dQ/dt = -k (T - T₀), log cooling curve","35 numericals on temperature of stars, Newton cooling time problems","35","Thermal Properties of Matter: Radiation Laws (Stefan-Boltzmann, Wien Displacement & Newton Cooling)","Organic Chemistry: Purification Methods & Qualitative Analysis","Purification: distillation (fractional, steam, reduced pressure), crystallization, sublimation, chromatography (column, thin-layer, paper Rf value); Lassaigne test for N, S, halogens (Prussian blue for N, blood red for N+S, sodium nitroprusside for S)","35 conceptual MCQs on separation techniques and Lassaigne extract reactions","35","Organic Chemistry: Purification Methods & Qualitative Analysis","Cell Cycle and Cell Division: M Phase — Mitosis (Prophase, Metaphase, Anaphase, Telophase)","Karyokinesis stages: Prophase (chromatin condensation, centrosome movement, spindle fiber assembly); Metaphase (chromosomes align at equatorial plate, kinetochores attach to spindle fibers); Anaphase (centromere splits, sister chromatids move to opposite poles); Telophase (nuclear envelope reforms); Cytokinesis (cell plate in plants vs furrowing in animals)","45 NCERT line-by-line MCQs on metaphase plate and anaphase centromere splitting","45","Cell Cycle and Cell Division: M Phase — Mitosis (Prophase, Metaphase, Anaphase, Telophase)","115","35","P: 35 | C: 35 | B: 45 (incl. ~35 PYQs)","Newton law of cooling average temperature approximation formula","Lassaigne test chemistry (Fe4[Fe(CN)6]3 Prussian blue) in Error Book","Mitosis stage diagrams and kinetochore spindle attachment",""
"53","DAY 53","1","8","NO","","","","Thermodynamics: Zeroth Law, Heat, Work & First Law (ΔU = Q - W)","Zeroth law (concept of temperature); First law of thermodynamics dQ = dU + dW; thermodynamic processes: isobaric (W = P ΔV), isochoric (W = 0, Q = ΔU), isothermal (ΔU = 0, Q = W), adiabatic (Q = 0, W = -ΔU)","35 numericals on work done in various processes from P-V diagrams","35","Thermodynamics: Zeroth Law, Heat, Work & First Law (ΔU = Q - W)","Organic Chemistry: Quantitative Analysis (Dumas, Kjeldahl, Carius Methods)","Estimation of carbon & hydrogen (combustion); estimation of nitrogen: Dumas method (N2 gas volume at STP) & Kjeldahl method (%N = 1.4 N V / m); Carius method for halogens & sulfur; estimation of phosphorus","35 numericals on calculating % composition of N, halogens, S from analytical data","35","Organic Chemistry: Quantitative Analysis (Dumas, Kjeldahl, Carius Methods)","Cell Cycle and Cell Division: Meiosis I (Prophase I Sub-stages: Leptotene to Diakinesis)","Reductional division; Prophase I stages: Leptotene (compaction), Zygotene (synapsis, synaptonemal complex, bivalents), Pachytene (crossing over mediated by recombinase, non-sister chromatids of homologous chromosomes), Diplotene (dissolution of synaptonemal complex, chiasmata), Diakinesis (terminalization of chiasmata)","50 NCERT line-by-line MCQs on Prophase I stages and crossing over","50","Cell Cycle and Cell Division: Meiosis I (Prophase I Sub-stages: Leptotene to Diakinesis)","120","36","P: 35 | C: 35 | B: 50 (incl. ~36 PYQs)","Adiabatic process relation P V^γ = constant and work done formula","Kjeldahl method calculation formula (%N = 1.4 × N × V / weight) in Error Book","Meiosis Prophase I sub-stages mnemonic and key events summary",""
"54","DAY 54","1","8","NO","","","","Thermodynamics: Indicator Diagrams (P-V Curves) & Cyclic Processes","Work done in cyclic process = area enclosed by P-V loop (clockwise = positive work by gas, counter-clockwise = negative work); heat engine efficiency η = W / Q1 = 1 - Q2/Q1","35 numericals on finding net work and efficiency from polygonal P-V cycles","35","Thermodynamics: Indicator Diagrams (P-V Curves) & Cyclic Processes","Hydrocarbons: Alkanes — Preparation, Physical Properties & Conformations","Wurtz reaction, Kolbe electrolytic synthesis, decarboxylation of sodium salts; physical properties (boiling point branching effect); conformations of ethane (Newman and Sawhorse projections: staggered vs eclipsed, torsional strain)","35 problems on alkane synthesis and Newman projection stability","35","Hydrocarbons: Alkanes — Preparation, Physical Properties & Conformations","Cell Cycle and Cell Division: Meiosis II & Significance of Meiosis","Equational division; Meiosis II stages (Prophase II, Metaphase II, Anaphase II splitting of sister centromeres, Telophase II); end result: 4 haploid daughter cells; significance: conservation of chromosome number, genetic variability due to crossing over","45 NCERT line-by-line MCQs comparing Mitosis vs Meiosis and chromosome counts","45","Cell Cycle and Cell Division: Meiosis II & Significance of Meiosis","115","35","P: 35 | C: 35 | B: 45 (incl. ~35 PYQs)","Efficiency of heat engine from P-V loop area","Wurtz reaction limitations (cannot prepare unsymmetrical alkanes efficiently) in Error Book","Ethane Newman projections: dihedral angle and torsional strain review",""
"55","DAY 55","1","8","NO","","","","Thermodynamics: Carnot Engine, Carnot Cycle & Refrigerator (COP)","Carnot cycle (isothermal expansion, adiabatic expansion, isothermal compression, adiabatic compression); Carnot efficiency η = 1 - T2/T1; refrigerator coefficient of performance β = Q2 / W = T2 / (T1 - T2); relation between η and β (β = (1 - η) / η)","35 numericals on Carnot efficiency and refrigerator temperature changes","35","Thermodynamics: Carnot Engine, Carnot Cycle & Refrigerator (COP)","Hydrocarbons: Alkanes — Chemical Reactions (Free Radical Halogenation)","Mechanism of chlorination of methane (initiation, propagation, termination); reactivity of halogens (F2 > Cl2 > Br2 > I2); selectivity of bromination vs chlorination; combustion, controlled oxidation, aromatization, cracking/pyrolysis","35 problems predicting major mono-chloro and mono-bromo derivatives","35","Hydrocarbons: Alkanes — Chemical Reactions (Free Radical Halogenation)","Photosynthesis in Higher Plants: Chloroplast Pigments & Light Reaction","Pigments (chlorophyll a reaction center, chlorophyll b, carotenoids, xanthophylls); absorption spectrum vs action spectrum; Photosystem I (P700) and Photosystem II (P680); light harvesting complex (LHC); photolysis of water on inner thylakoid membrane","45 NCERT line-by-line MCQs on pigment spectra and water splitting complex","45","Photosynthesis in Higher Plants: Chloroplast Pigments & Light Reaction","115","35","P: 35 | C: 35 | B: 45 (incl. ~35 PYQs)","Carnot efficiency upper limit dependence on reservoir temperatures","Free radical chlorination relative rates (3° > 2° > 1°) in Error Book","Absorption vs action spectrum graphs of chlorophyll a and b",""
"56","DAY 56","1","8","YES","","","","Thermodynamics & Heat: Full Chapter Comprehensive Review & NEET PYQs","Review all thermal properties, conduction, radiation laws, 1st law thermodynamics, Carnot cycles with 10-year NEET PYQs","40 timed thermodynamics PYQs under 45 minutes","40","Thermodynamics & Heat: Full Chapter Comprehensive Review & NEET PYQs","Hydrocarbons: Alkenes — Preparation & Geometrical Isomerism","Preparation by dehydrohalogenation of alkyl halides (Saytzeff rule: more substituted alkene is major), dehydration of alcohols (carbocation rearrangement); geometrical isomerism (cis vs trans, dipoles, boiling point and melting point comparison)","35 problems on predicting major alkene products and cis-trans isomerism","35","Hydrocarbons: Alkenes — Preparation & Geometrical Isomerism","Photosynthesis in Higher Plants: Electron Transport (Z-Scheme) & Cyclic vs Non-cyclic Photophosphorylation","Non-cyclic photophosphorylation (PS II to PS I, ATP and NADPH2 produced, O2 evolved); cyclic photophosphorylation (PS I only, stroma lamellae lacking PS II and NADP reductase, only ATP produced); Chemiosmotic hypothesis (Mitchell: proton gradient across thylakoid membrane into lumen, ATP synthase F0-F1)","50 NCERT line-by-line MCQs on Z-scheme and chemiosmosis proton accumulation","50","Photosynthesis in Higher Plants: Electron Transport (Z-Scheme) & Cyclic vs Non-cyclic Photophosphorylation","125","38","P: 40 | C: 35 | B: 50 (incl. ~38 PYQs)","Thermodynamics formula cheat sheet audit","Cis vs trans isomer dipole moment and melting point comparison in Error Book","Z-scheme diagram and thylakoid membrane proton gradient review","MILESTONE TEST 8: Class 11 Week 8 Review (Heat, Alkanes/Alkenes, Cell Division & Photosynthesis I)"
"57","DAY 57","1","9","NO","","","","Kinetic Theory of Gases (KTG): Ideal Gas Equation & Molecular Speeds","Assumptions of KTG, pressure exerted by gas P = ⅓ ρ v_rms²; root-mean-square speed v_rms = √(3RT/M), average speed v_avg = √(8RT/πM), most probable speed v_mp = √(2RT/M); ratio v_mp : v_avg : v_rms = 1 : 1.128 : 1.224","35 numericals on molecular speeds at different temperatures and molar masses","35","Kinetic Theory of Gases (KTG): Ideal Gas Equation & Molecular Speeds","Hydrocarbons: Alkenes — Electrophilic Addition Reactions (Markovnikov & Anti-Markovnikov)","Addition of hydrogen halides (HX): Markovnikov rule (electrophile H+ adds to carbon with more H); Peroxide effect (Kharasch effect: anti-Markovnikov addition of HBr only, via free radical mechanism); addition of halogens (Br2 in CCl4 test for unsaturation)","35 problems on predicting addition products of HX and HBr/peroxide to asymmetrical alkenes","35","Hydrocarbons: Alkenes — Electrophilic Addition Reactions (Markovnikov & Anti-Markovnikov)","Photosynthesis in Higher Plants: Dark Reaction — C3 Cycle (Calvin Cycle)","Biosynthetic phase in stroma; RuBisCO enzyme (oxygenase vs carboxylase activity); 3 stages: (1) Carboxylation (CO2 + RuBP -> 2 molecules of 3-PGA), (2) Reduction (utilizes 2 ATP and 2 NADPH per CO2), (3) Regeneration (1 ATP); input-output balance: 6 turns of Calvin cycle consume 18 ATP and 12 NADPH to produce 1 Glucose","50 NCERT line-by-line MCQs on Calvin cycle energy requirements","50","Photosynthesis in Higher Plants: Dark Reaction — C3 Cycle (Calvin Cycle)","120","36","P: 35 | C: 35 | B: 50 (incl. ~36 PYQs)","Gas molecular speeds ratio (v_rms > v_avg > v_mp)","Anti-Markovnikov addition works only with HBr, not HCl or HI in Error Book","Calvin cycle stage-wise ATP and NADPH consumption table",""
"58","DAY 58","1","9","NO","","","","KTG: Degrees of Freedom, Equipartition of Energy & Specific Heats of Gases","Degrees of freedom f (monoatomic = 3, diatomic = 5 at room temp, polyatomic = 6); law of equipartition of energy (½ k_B T per degree of freedom); internal energy U = f/2 n R T; molar specific heat Cv = f/2 R, Cp = (f/2 + 1) R; adiabatic index γ = Cp/Cv = 1 + 2/f","35 numericals on mixture of non-reacting gases (Cv_mix, Cp_mix, γ_mix)","35","KTG: Degrees of Freedom, Equipartition of Energy & Specific Heats of Gases","Hydrocarbons: Alkenes — Oxidation, Ozonolysis & Polymerization","Oxidation with cold dilute alkaline KMnO4 (Baeyer reagent: syn-dihydroxylation to vicinal glycols); hot acidic KMnO4 cleavage; Ozonolysis (O3 followed by Zn/H2O cleavage to aldehydes/ketones, determining structure of unknown alkene)","35 problems deducing parent alkene structure from ozonolysis carbonyl products","35","Hydrocarbons: Alkenes — Oxidation, Ozonolysis & Polymerization","Photosynthesis in Higher Plants: C4 Pathway (Hatch-Slack Pathway) & Photorespiration","C4 plants (maize, sugarcane, sorghum); Kranz anatomy (bundle sheath cells with agranal chloroplasts, mesophyll cells with PEP carboxylase); Hatch-Slack pathway stages (PEP + CO2 -> OAA); Photorespiration (C2 cycle: RuBisCO binds O2, phosphoglycolate formation, wasteful process absent in C4 plants); Factors affecting photosynthesis (Blackman law of limiting factors)","50 NCERT line-by-line MCQs on C4 pathway and Blackman limiting factors","50","Photosynthesis in Higher Plants: C4 Pathway (Hatch-Slack Pathway) & Photorespiration","120","36","P: 35 | C: 35 | B: 50 (incl. ~36 PYQs)","Specific heat ratio of gas mixtures (Cv_mix = (n1 Cv1 + n2 Cv2)/(n1 + n2))","Ozonolysis cleavage product reconstruction shortcuts in Error Book","C3 vs C4 plants comparative table 13.1 review",""
"59","DAY 59","1","9","NO","","","","Oscillations: Simple Harmonic Motion (SHM) Kinematics","Periodic vs oscillatory motion; SHM definition F = -kx, differential equation d²x/dt² + ω²x = 0; displacement x = A sin(ωt + φ), velocity v = ω√(A² - x²), acceleration a = -ω²x; phase and phase constant","35 numericals on displacement, velocity, acceleration at fractions of amplitude","35","Oscillations: Simple Harmonic Motion (SHM) Kinematics","Hydrocarbons: Alkynes — Preparation & Acidic Nature of Terminal Alkynes","Preparation from calcium carbide (CaC2 + 2H2O -> C2H2 + Ca(OH)2) and vicinal dihalides; acidic character of terminal alkynes (sp hybridized carbon electronegativity: ethyne > ethene > ethane); reaction with Na/NaNH2 and ammoniacal AgNO3 / Cu2Cl2","35 problems on distinguishing terminal vs internal alkynes and acidity rankings","35","Hydrocarbons: Alkynes — Preparation & Acidic Nature of Terminal Alkynes","Respiration in Plants: Glycolysis (EMP Pathway)","Cellular respiration in cytoplasm; 10-step EMP pathway (Embden-Meyerhof-Parnas); phosphorylation of glucose by hexokinase; rate-limiting phosphofructokinase (PFK); cleavage into DHAP and PGAL; net yield per glucose: 2 Pyruvate, 2 ATP (substrate level), 2 NADH2; fate of pyruvate under anaerobic conditions (fermentation: lactic acid vs alcoholic)","50 NCERT line-by-line MCQs on glycolysis enzymes and ATP generation steps","50","Respiration in Plants: Glycolysis (EMP Pathway)","120","36","P: 35 | C: 35 | B: 50 (incl. ~36 PYQs)","SHM velocity and acceleration phase difference (v leads x by π/2, a leads x by π)","Terminal alkyne precipitate test (Tollens reagent white ppt) in Error Book","Glycolysis 10-step metabolic pathway flowchart review",""
"60","DAY 60","1","9","NO","","","","Oscillations: Energy in SHM (Kinetic, Potential & Total Energy)","Kinetic energy K = ½mω²(A² - x²), Potential energy U = ½mω²x² = ½kx²; Total mechanical energy E = K + U = ½mω²A² = constant; energy-displacement and energy-time graphs; average KE and average PE over full time period = ¼mω²A²","35 numericals on positions where KE = PE, fraction of energy at given x","35","Oscillations: Energy in SHM (Kinetic, Potential & Total Energy)","Hydrocarbons: Alkynes — Chemical Reactions (Addition of H2, X2, HX, H2O & Ozonolysis)","Controlled hydrogenation (Lindlar catalyst Pd/CaCO3 gives cis-alkene; Birch reduction Na/liquid NH3 gives trans-alkene); addition of water (Kucherov reaction: 1% HgSO4 + 20% H2SO4 to give enol -> ketone/acetaldehyde); cyclic polymerization to benzene","35 problems on Lindlar vs Birch reduction and Kucherov hydration products","35","Hydrocarbons: Alkynes — Chemical Reactions (Addition of H2, X2, HX, H2O & Ozonolysis)","Respiration in Plants: Aerobic Respiration — Link Reaction & Krebs Cycle (TCA Cycle)","Oxidative decarboxylation of pyruvate in mitochondrial matrix by pyruvate dehydrogenase (yields Acetyl-CoA, NADH2, CO2); Krebs cycle (Citric acid cycle): condensation of Acetyl-CoA with OAA to form Citric acid; step-wise decarboxylations and dehydrogenations; net yield per glucose: 6 NADH2, 2 FADH2, 2 GTP (ATP), 4 CO2","50 NCERT line-by-line MCQs on TCA cycle steps and substrate-level phosphorylation","50","Respiration in Plants: Aerobic Respiration — Link Reaction & Krebs Cycle (TCA Cycle)","120","36","P: 35 | C: 35 | B: 50 (incl. ~36 PYQs)","Position where KE = PE in SHM (x = ± A / √2)","Lindlar (cis) vs Birch (trans) stereochemistry distinction in Error Book","Krebs cycle intermediate steps and carbon counts review",""
"61","DAY 61","1","9","NO","","","","Oscillations: Simple Pendulum & Spring-Mass Systems","Simple pendulum time period T = 2π√(L/g), seconds pendulum (T = 2s, L ≈ 1m); spring-mass system T = 2π√(m/k), combination of springs in series (1/k_eq = 1/k1 + 1/k2) and parallel (k_eq = k1 + k2); cutting of spring into pieces","35 numericals on springs in series/parallel, cutting springs, pendulum in elevator","35","Oscillations: Simple Pendulum & Spring-Mass Systems","Hydrocarbons: Aromatic Hydrocarbons — Benzene Structure & Aromaticity (Hückel Rule)","Kekulé structure, resonance in benzene, stability energy; Hückel (4n + 2) π-electron rule for aromaticity; conditions: cyclic, planar, complete conjugation; antiaromatic (4n π-electrons) vs non-aromatic species","35 problems testing aromatic, antiaromatic, non-aromatic classification","35","Hydrocarbons: Aromatic Hydrocarbons — Benzene Structure & Aromaticity (Hückel Rule)","Respiration in Plants: Electron Transport System (ETS) & Oxidative Phosphorylation","Inner mitochondrial membrane complexes: Complex I (NADH dehydrogenase), Complex II (succinate dehydrogenase), Complex III (cytochrome bc1), Complex IV (cytochrome c oxidase), Complex V (ATP synthase); mobile electron carriers (ubiquinone, cytochrome c); oxygen as terminal electron acceptor; total ATP balance per glucose (36 or 38 ATP, modern 30-32 ATP); Respiratory Quotient (RQ: carbohydrates = 1, fats = 0.7, proteins = 0.9, organic acids > 1)","50 NCERT line-by-line MCQs on mitochondrial ETS complexes and RQ values","50","Respiration in Plants: Electron Transport System (ETS) & Oxidative Phosphorylation","120","36","P: 35 | C: 35 | B: 50 (incl. ~36 PYQs)","Spring constant of spring cut into n equal parts becomes n times k","Hückel rule 4n+2 counting for charged rings (cyclopentadienyl anion) in Error Book","Mitochondrial ETS complex diagram and mobile carrier locations",""
"62","DAY 62","1","9","NO","","","","Oscillations: Angular SHM, Physical Pendulum & Damped/Forced Oscillations","Angular SHM differential equation d²θ/dt² + ω²θ = 0, torsional pendulum T = 2π√(I/C); physical pendulum T = 2π√(I / mgd); damped oscillations (amplitude decay A(t) = A₀ e^(-bt/2m)); forced oscillations and resonance condition","35 numericals on physical pendulum and resonance condition","35","Oscillations: Angular SHM, Physical Pendulum & Damped/Forced Oscillations","Hydrocarbons: Benzene — Electrophilic Aromatic Substitution (EAS) Mechanism","General EAS mechanism: generation of electrophile, formation of arenium ion (sigma complex), loss of proton to restore aromaticity; specific reactions: Halogenation (Cl2/FeCl3), Nitration (conc. HNO3 + conc. H2SO4 generates NO2⁺), Sulfonation (fuming H2SO4)","35 problems on EAS reagents and electrophile identities","35","Hydrocarbons: Benzene — Electrophilic Aromatic Substitution (EAS) Mechanism","Plant Growth and Development: Plant Growth Regulators — Auxins & Gibberellins","Phytohormones: Auxins (IAA, IBA natural; NAA, 2,4-D synthetic; apical dominance, rooting of stem cuttings, 2,4-D broadleaved weedicide); Gibberellins (GA3; bolting in rosette plants cabbage/beet, increasing length of grape stalks and sugarcane stems, malt production in brewing)","45 NCERT line-by-line MCQs on auxin apical dominance and gibberellin bolting","45","Plant Growth and Development: Plant Growth Regulators — Auxins & Gibberellins","115","35","P: 35 | C: 35 | B: 45 (incl. ~35 PYQs)","Damped oscillation amplitude half-life relation","Nitration of benzene electrophile is nitronium ion (NO2⁺) in Error Book","Auxin vs Gibberellin discovery and agricultural functions table",""
"63","DAY 63","1","9","NO","","","","Waves: Progressive Mechanical Waves & Wave Velocity","Transverse vs longitudinal waves; wave equation y(x,t) = A sin(kx - ωt + φ), wave number k = 2π/λ, angular frequency ω = 2πf, wave speed v = ω/k = fλ; particle velocity v_p = -v × (slope of wave dy/dx)","35 numericals on wave parameters from sinusoidal wave equations","35","Waves: Progressive Mechanical Waves & Wave Velocity","Hydrocarbons: Benzene — Friedel-Crafts Alkylation & Acylation + Directive Influence","Friedel-Crafts alkylation (RCl + AlCl3, carbocation rearrangement limitation); Friedel-Crafts acylation (RCOCl + AlCl3 gives aryl ketone without rearrangement); activating & ortho/para-directing groups (-OH, -NH2, -OCH3, -CH3); deactivating & meta-directing groups (-NO2, -COOH, -CHO); halogens exception (deactivating but ortho/para-directing)","35 problems on predicting orientation of EAS on substituted benzenes","35","Hydrocarbons: Benzene — Friedel-Crafts Alkylation & Acylation + Directive Influence","Plant Growth and Development: Cytokinins, Ethylene & Abscisic Acid (ABA)","Cytokinins (kinetin, zeatin; promote cell division, delay leaf senescence Richmont-Lang effect, overcome apical dominance); Ethylene (gaseous hormone, fruit ripening, promotes female flowers in cucumbers, epinasty); Abscisic acid (stress hormone, stomatal closure, seed dormancy, antagonist to gibberellins); Photoperiodism & Vernalization","45 NCERT line-by-line MCQs on hormone antagonism and ethylene fruit ripening","45","Plant Growth and Development: Cytokinins, Ethylene & Abscisic Acid (ABA)","115","35","P: 35 | C: 35 | B: 45 (incl. ~35 PYQs)","Relation between particle velocity and wave velocity (v_p = -v dy/dx)","Halogen directive influence: inductive -I deactivates, but resonance +M directs o/p in Error Book","Five major phytohormones physiological roles summary matrix",""
"64","DAY 64","1","10","NO","","","","Waves: Speed of Waves in Strings & Sound Waves (Laplace Correction)","Speed of transverse wave in stretched string v = √(T/μ) where μ = mass per unit length; speed of longitudinal sound wave in gases: Newton formula v = √(P/ρ) (isothermal), Laplace correction v = √(γP/ρ) = √(γRT/M) (adiabatic); factors affecting sound speed (temperature, humidity, pressure independence)","35 numericals on sound speed variation with temperature and string tension","35","Waves: Speed of Waves in Strings & Sound Waves (Laplace Correction)","Hydrocarbons: Full Chapter Comprehensive Review & 10-Year NEET PYQs","Review Alkanes (free radical), Alkenes (electrophilic addition, ozonolysis), Alkynes (acidity, Kucherov), Benzene (EAS directive influence) with 10-year NEET PYQs","40 timed hydrocarbons PYQs under 45 minutes","40","Hydrocarbons: Full Chapter Comprehensive Review & 10-Year NEET PYQs","Breathing and Exchange of Gases: Respiratory Organs & Mechanism of Breathing","Human respiratory system anatomy (larynx sound box, trachea C-shaped cartilaginous rings, branching into bronchi, bronchioles, alveoli); mechanism of inspiration (diaphragm contraction, external intercostals) and expiration; Respiratory volumes & capacities: Tidal Volume (TV 500 mL), IRV (2500-300), ERV (1000-1100), Residual Volume (RV 1100-1200), Vital Capacity (VC = ERV + TV + IRV), Total Lung Capacity (TLC)","50 NCERT line-by-line MCQs on pulmonary volumes and capacities","50","Breathing and Exchange of Gases: Respiratory Organs & Mechanism of Breathing","125","38","P: 35 | C: 40 | B: 50 (incl. ~38 PYQs)","Effect of moisture on speed of sound (humid air is less dense than dry air, so sound travels faster)","Vital capacity vs Total lung capacity formula in Error Book","Pulmonary volumes and capacities definitions and values table",""
"65","DAY 65","1","10","NO","","","","Waves: Principle of Superposition & Standing Waves in Stretched Strings","Principle of superposition y = y1 + y2; standing waves in strings fixed at both ends: nodes (zero amplitude) and antinodes (maximum amplitude 2A); fundamental frequency f1 = v / (2L), harmonics and overtones fn = n v / (2L) (all harmonics present, n = 1, 2, 3...)","35 numericals on frequency of harmonics, tension change, sonometer wire experiments","35","Waves: Principle of Superposition & Standing Waves in Stretched Strings","Class 11 Organic Chemistry Mastery: GOC + Hydrocarbons Synthesis Marathon","Multi-step organic synthesis problems, sequence reactions (A -> B -> C), reagent identification drills covering all Class 11 organic reactions","35 multi-step organic conversion problems","35","Class 11 Organic Chemistry Mastery: GOC + Hydrocarbons Synthesis Marathon","Breathing and Exchange of Gases: Gas Exchange & Transport of O2 and CO2","Gas exchange across alveolar membrane (simple squamous, basement membrane, capillary endothelium); partial pressures pO2 and pCO2 in alveoli vs blood; Oxygen transport: oxyhemoglobin dissociation curve (sigmoid, Bohr effect: shifted right by high pCO2, high H+, high temp); CO2 transport: 7% dissolved in plasma, 20-25% as carbamino-hemoglobin, 70% as bicarbonate ions (carbonic anhydrase enzyme); Haldane effect; regulation of respiration (respiratory rhythm center in medulla, pneumotaxic center in pons)","50 NCERT line-by-line MCQs on oxygen dissociation curve shift and bicarbonate transport","50","Breathing and Exchange of Gases: Gas Exchange & Transport of O2 and CO2","120","36","P: 35 | C: 35 | B: 50 (incl. ~36 PYQs)","Distance between successive nodes in standing wave is λ/2","Oxygen dissociation curve right shift factors (Exercise conditions: high CO2, high H+, high temp) in Error Book","Oxygen-hemoglobin dissociation curve and alveolar diffusion membrane diagrams",""
"66","DAY 66","1","10","NO","","","","Waves: Standing Waves in Organ Pipes (Closed & Open Pipes)","Closed organ pipe (one end closed): fundamental f1 = v / (4L), only odd harmonics present fn = (2n-1) v / (4L) (ratio 1 : 3 : 5...); Open organ pipe (both ends open): fundamental f1 = v / (2L), all harmonics present fn = n v / (2L) (ratio 1 : 2 : 3...); end correction e = 0.6 r (L_eff = L + e for closed, L + 2e for open pipe)","35 numericals on pipe resonance tubes and harmonic comparisons","35","Waves: Standing Waves in Organ Pipes (Closed & Open Pipes)","Class 11 Physical Chemistry Review: Stoichiometry, Atomic Structure & Bonding","Rapid revision of high-yield formulas: mole concept, Bohr radius/energy, quantum numbers, VSEPR shapes, MOT bond orders","40 timed physical chemistry revision MCQs","40","Class 11 Physical Chemistry Review: Stoichiometry, Atomic Structure & Bonding","Body Fluids and Circulation: Blood Composition & Blood Groups","Formed elements: Erythrocytes (RBCs, biconcave, enucleated, 5-5.5 million/mm³), Leucocytes (WBCs: granulocytes neutrophils 60-65%, eosinophils, basophils 0.5-1% histamine/serotonin/heparin; agranulocytes lymphocytes B and T cells 20-25%, monocytes), Platelets (thrombocytes 1.5-3.5 lakh/mm³); Blood groups: ABO system (antigens on RBC, antibodies in plasma), Rh system (Rh incompatibility, Erythroblastosis foetalis)","50 NCERT line-by-line MCQs on formed elements percentages and Rh incompatibility","50","Body Fluids and Circulation: Blood Composition & Blood Groups","125","38","P: 35 | C: 40 | B: 50 (incl. ~38 PYQs)","Closed pipe produces only odd harmonics, open pipe produces all harmonics","Erythroblastosis foetalis condition (Rh- mother and Rh+ fetus) in Error Book","Blood groups ABO compatibility table and WBC types review",""
"67","DAY 67","1","10","YES","","","","Waves: Beats Phenomenon & Doppler Effect in Sound","Beats: superposition of two waves of slightly different frequencies f1 and f2, beat frequency f_beat = |f1 - f2|; waxing and waning; tuning fork waxing/filing frequency changes; Doppler effect in sound: apparent frequency f' = f × [(v ± v_o) / (v ∓ v_s)]","35 numericals on beat frequency calculations and Doppler moving source/observer problems","35","Waves: Beats Phenomenon & Doppler Effect in Sound","Class 11 Inorganic Chemistry Review: Periodic Trends & Chemical Bonding","Review all periodic trends, anomalous IE/EGE, covalent character rules (Fajan rule), dipole moments, hydrogen bonding","40 timed inorganic chemistry revision MCQs","40","Class 11 Inorganic Chemistry Review: Periodic Trends & Chemical Bonding","Body Fluids and Circulation: Coagulation of Blood & Human Circulatory System Anatomy","Blood clotting mechanism: thromboplastin -> prothrombinase -> converts prothrombin to thrombin (Ca2+ required) -> converts fibrinogen to fibrin clot; Lymph (tissue fluid, fat transport in lacteals); Human heart anatomy: myogenic heart, SAN (pacemaker, generates 70-75 action potentials/min), AVN, bundle of His, Purkinje fibers; Cardiac cycle: joint diastole, atrial systole, ventricular systole, stroke volume (70 mL), cardiac output = stroke volume × heart rate = 5 L/min; heart sounds (LUB closure of AV valves, DUB closure of semilunar valves)","50 NCERT line-by-line MCQs on cardiac cycle phases and conduction pathway","50","Body Fluids and Circulation: Coagulation of Blood & Human Circulatory System Anatomy","125","38","P: 35 | C: 40 | B: 50 (incl. ~38 PYQs)","Week 9 Cumulative Revision: 720-minute rapid review across all Week 9 topics","Audit Week 9 Error Book: organ pipe end corrections and Doppler signs check","Cardiac conduction pathway (SAN -> AVN -> Bundle of His -> Purkinje fibers) sequence","MILESTONE TEST 9: Class 11 Week 9 Review (Waves, Organ Pipes, Beats, Blood & Circulation)"
"68","DAY 68","1","10","NO","","","","Waves: Full Chapter Comprehensive Review & 10-Year NEET PYQs","Review progressive wave equations, speed in strings, organ pipes, beats, Doppler effect with 10-year NEET PYQs","40 timed waves PYQs under 45 minutes","40","Waves: Full Chapter Comprehensive Review & 10-Year NEET PYQs","Class 11 Physical Chemistry Review: Thermodynamics, Equilibrium & Redox","Review 1st law thermodynamics, Hess law, Gibbs energy, Kc/Kp equilibrium shifts, pH of buffers, Ksp solubility rules with PYQs","40 timed physical chemistry revision MCQs","40","Class 11 Physical Chemistry Review: Thermodynamics, Equilibrium & Redox","Body Fluids and Circulation: Electrocardiogram (ECG), Double Circulation & Disorders","Standard ECG waves: P wave (depolarization of atria), QRS complex (depolarization of ventricles, counting QRS gives heart rate), T wave (repolarization of ventricles); Double circulation: systemic circulation + pulmonary circulation; hepatic portal system; Disorders: Hypertension (BP > 140/90), Coronary Artery Disease (CAD/Atherosclerosis), Angina pectoris (chest pain), Heart failure","50 NCERT line-by-line MCQs on ECG wave interpretations and cardiovascular disorders","50","Body Fluids and Circulation: Electrocardiogram (ECG), Double Circulation & Disorders","130","39","P: 40 | C: 40 | B: 50 (incl. ~39 PYQs)","ECG wave associations (P: atrial depolarization, QRS: ventricular depolarization, T: ventricular repolarization)","Cardiovascular disorder distinctions (Heart attack vs Heart failure vs Cardiac arrest) in Error Book","Standard ECG wave diagram and double circulation circuit review",""
"69","DAY 69","1","10","NO","","","","Class 11 Physics Revision: Mechanics Unit 1 (Vectors, Kinematics 1D & 2D)","Comprehensive numerical blitz on projectile trajectories, relative velocity, calculus-based kinematics, graphical area problems","45 high-yield mixed mechanics numericals under timed conditions","45","Class 11 Physics Revision: Mechanics Unit 1 (Vectors, Kinematics 1D & 2D)","Class 11 Chemistry Full Syllabus Grand Diagnostic Test Part 1","Simulated 50-question NEET paper covering Physical & Inorganic Chemistry Class 11 (Mole, Structure of Atom, Periodic, Bonding, Thermo, Equilibrium, Redox)","50 questions full NEET pattern test under 50 minutes","50","Class 11 Chemistry Full Syllabus Grand Diagnostic Test Part 1","Excretory Products and their Elimination: Human Excretory System & Nephron Anatomy","Excretory modes (ammonotelic aquatic invertebrates/fish, ureotelic mammals/amphibians, uricotelic reptiles/birds/insects for water conservation); Human kidney anatomy (cortex, medulla, renal pyramids, columns of Bertini); Nephron structure: Glomerulus + Bowman capsule (Malpighian body/renal corpuscle), PCT (lined by simple cuboidal brush border epithelium for maximum reabsorption), Henle loop (descending limb permeable to water, ascending limb permeable to electrolytes), DCT, Collecting duct; Cortical vs juxtamedullary nephrons","50 NCERT line-by-line MCQs on nephron anatomy and nitrogenous waste excretion","50","Excretory Products and their Elimination: Human Excretory System & Nephron Anatomy","145","44","P: 45 | C: 50 | B: 50 (incl. ~44 PYQs)","Relative velocity river crossing and projectile trajectory equation review","Nephron brush border epithelium and Henle loop permeability in Error Book","Human kidney and nephron structure diagrams review",""
"70","DAY 70","1","10","NO","","","","Class 11 Physics Revision: Mechanics Unit 2 (NLM, Friction, WEP & Rotation)","Comprehensive numerical blitz on Atwood machines, banked roads, vertical circular motion, MOI of composite bodies, conservation of angular momentum","45 high-yield mixed mechanics numericals under timed conditions","45","Class 11 Physics Revision: Mechanics Unit 2 (NLM, Friction, WEP & Rotation)","Class 11 Chemistry Full Syllabus Grand Diagnostic Test Part 2","Simulated 50-question NEET paper covering Organic Chemistry Class 11 (GOC, IUPAC, Isomerism, Reaction Intermediates, Hydrocarbons Alkanes/Alkenes/Alkynes/Benzene)","50 questions full NEET pattern test under 50 minutes","50","Class 11 Chemistry Full Syllabus Grand Diagnostic Test Part 2","Excretory Products and their Elimination: Urine Formation & Counter-Current Mechanism","Three processes of urine formation: (1) Glomerular filtration (GFR = 125 mL/min = 180 L/day, filtration membrane 3 layers: fenestrated endothelium, basement membrane, podocytes of Bowman capsule with filtration slits), (2) Tubular reabsorption (nearly 99% reabsorbed, 70-80% electrolytes and water reabsorbed in PCT), (3) Tubular secretion (H+, K+, ammonia secreted to maintain pH and ionic balance); Counter-current mechanism: Henle loop and vasa recta maintain hyperosmolarity in medullary interstitium (from 300 mOsmol/L in cortex to 1200 mOsmol/L in inner medulla)","50 NCERT line-by-line MCQs on GFR and counter-current mechanism","50","Excretory Products and their Elimination: Urine Formation & Counter-Current Mechanism","145","44","P: 45 | C: 50 | B: 50 (incl. ~44 PYQs)","Angular momentum conservation and rolling without slipping formula audit","Counter-current multiplier NaCl and urea transport steps in Error Book","Counter-current mechanism diagram and osmolarity gradient review",""
"71","DAY 71","1","11","NO","","","","Class 11 Physics Revision: Properties of Matter (Solids, Fluids, Thermal, Thermodynamics & KTG)","Comprehensive numerical blitz on stress-strain, Bernoulli equation, surface tension, Carnot efficiency, degrees of freedom","45 high-yield mixed matter and thermodynamics numericals","45","Class 11 Physics Revision: Properties of Matter (Solids, Fluids, Thermal, Thermodynamics & KTG)","Class 11 Chemistry Formula & Reagent Master Audit","Comprehensive audit of all 9 Class 11 chemistry chapters: reaction reagents, conditions, IUPAC rules, equilibrium formulas, electrochemistry SHE potentials","45 multi-topic speed revision MCQs","45","Class 11 Chemistry Formula & Reagent Master Audit","Excretory Products: Regulation of Kidney Function, Micturition & Disorders","Regulation of GFR: (1) Osmoreceptors & Hypothalamus (releases ADH/Vasopressin from neurohypophysis to prevent diuresis), (2) Juxtaglomerular Apparatus (JGA) & RAAS mechanism (low GFR stimulates JG cells to release Renin -> Angiotensinogen -> Angiotensin I -> Angiotensin II vasoconstrictor + stimulates adrenal cortex to release Aldosterone -> Na+ and water reabsorption), (3) Atrial Natriuretic Factor (ANF from heart atria causes vasodilation, check on RAAS); Micturition reflex; Disorders: Uremia (hemodialysis), Renal calculi (oxalate stones), Glomerulonephritis","50 NCERT line-by-line MCQs on RAAS pathway and ADH feedback","50","Excretory Products: Regulation of Kidney Function, Micturition & Disorders","140","42","P: 45 | C: 45 | B: 50 (incl. ~42 PYQs)","RAAS mechanism sequence (Renin -> Angiotensinogen -> Angiotensin II -> Aldosterone)","ADH vs ANF antagonistic regulatory effects in Error Book","RAAS pathway flowchart and hemodialysis principle review",""
"72","DAY 72","1","11","NO","","","","Class 11 Physics Revision: Oscillations & Waves (SHM, Strings, Organ Pipes, Beats, Doppler)","Comprehensive numerical blitz on pendulum in lift, spring combinations, resonance tube, harmonics in organ pipes, Doppler frequency shifts","45 high-yield waves and oscillations numericals","45","Class 11 Physics Revision: Oscillations & Waves (SHM, Strings, Organ Pipes, Beats, Doppler)","Class 11 Chemistry NCERT In-Text & Exemplar Problems Marathon","Solving tricky NCERT Exemplar questions across all Class 11 Chemistry chapters","45 NCERT Exemplar chemistry questions","45","Class 11 Chemistry NCERT In-Text & Exemplar Problems Marathon","Locomotion and Movement: Types of Movement, Skeletal Muscle & Mechanism of Contraction","Amoeboid, ciliary, muscular movements; Skeletal muscle anatomy: muscle bundle (fascicle), sarcolemma, sarcoplasmic reticulum (storehouse of Ca2+), myofibrils with alternate dark (A band anisotropic, myosin) and light (I band isotropic, actin) bands; Sarcomere (functional unit of contraction between two Z-lines, H-zone, M-line); Contractile proteins: Actin (two F-actin helices, tropomyosin, troponin complex binds Ca2+) and Myosin (meromyosin with heavy HMM head/cross-arm and light LMM tail, ATPase activity); Sliding filament theory (A band length unchanged, I band shortens, H zone disappears)","50 NCERT line-by-line MCQs on sarcomere bands and sliding filament theory","50","Locomotion and Movement: Types of Movement, Skeletal Muscle & Mechanism of Contraction","140","42","P: 45 | C: 45 | B: 50 (incl. ~42 PYQs)","Sliding filament theory band changes (A band constant, I band shortens, H zone vanishes)","Troponin subunit Ca2+ binding during muscle excitation in Error Book","Sarcomere structure and actin-myosin cross-bridge cycle diagrams",""
"73","DAY 73","1","11","NO","","","","Class 11 Physics Full Syllabus Mock Test 1 (45 Questions, Timed 45 min)","Full-length Class 11 Physics simulation covering all 15 chapters (Vectors to Waves) with strict negative marking (-1 for wrong, +4 for right)","45 questions timed mock test under 45 minutes","45","Class 11 Physics Full Syllabus Mock Test 1 (45 Questions, Timed 45 min)","Class 11 Chemistry Full Syllabus Mock Test 1 (45 Questions, Timed 45 min)","Full-length Class 11 Chemistry simulation covering all 9 chapters (Mole to Hydrocarbons) with strict negative marking","45 questions timed mock test under 45 minutes","45","Class 11 Chemistry Full Syllabus Mock Test 1 (45 Questions, Timed 45 min)","Locomotion and Movement: Human Skeletal System (Axial & Appendicular)","206 bones in adult skeleton: Axial skeleton (80 bones: Skull 22 cranial/facial + 6 ear ossicles + 1 hyoid, Vertebral column 26 vertebrae cervical 7, thoracic 12, lumbar 5, sacral 1 fused, coccygeal 1 fused; Sternum 1; Ribs 12 pairs: true ribs 1-7, vertebrochondral false ribs 8-10, floating ribs 11-12); Appendicular skeleton (126 bones: Pectoral girdle clavicle + scapula with glenoid cavity; Forelimb 30 × 2 = 60 humerus, radius, ulna, carpals 8, metacarpals 5, phalanges 14; Pelvic girdle ilium, ischium, pubis with acetabulum; Hindlimb 30 × 2 = 60 femur longest bone, patella kneecap, tibia, fibula, tarsals 7, metatarsals 5, phalanges 14); Joints (fibrous immovable sutures, cartilaginous slightly movable pubic symphysis, synovial freely movable: ball & socket, hinge, pivot, gliding, saddle)","50 NCERT line-by-line MCQs on bone counts and joint types","50","Locomotion and Movement: Human Skeletal System (Axial & Appendicular)","140","42","P: 45 | C: 45 | B: 50 (incl. ~42 PYQs)","Full audit of Class 11 Physics Mock 1 test errors","Audit of Class 11 Chemistry Mock 1 test errors in Error Book","Human skeleton bone count breakdown and joint examples table",""
"74","DAY 74","1","11","NO","","","","Class 11 Physics Full Syllabus Mock Test 2 (45 Questions, Timed 45 min)","Second full-length Class 11 Physics simulation with focus on calculation-intensive questions and multi-concept problems","45 questions timed mock test under 45 minutes","45","Class 11 Physics Full Syllabus Mock Test 2 (45 Questions, Timed 45 min)","Class 11 Chemistry Full Syllabus Mock Test 2 (45 Questions, Timed 45 min)","Second full-length Class 11 Chemistry simulation with focus on assertion-reason questions and organic reaction pathways","45 questions timed mock test under 45 minutes","45","Class 11 Chemistry Full Syllabus Mock Test 2 (45 Questions, Timed 45 min)","Neural Control and Coordination: Human Nervous System, Neuron & Nerve Impulse","Central nervous system (CNS) + Peripheral nervous system (PNS); Neuron structure (cell body with Nissl granules, dendrites, axon with myelin sheath and nodes of Ranvier, synaptic knob with neurotransmitters); Generation and conduction of nerve impulse: Resting membrane potential (-70 mV, high K+ inside, high Na+ outside maintained by Na+/K+ ATPase pump: 3 Na+ out for 2 K+ in), Depolarization (influx of Na+ via voltage-gated channels, action potential +30 mV), Repolarization (efflux of K+); Synaptic transmission: electrical (gap junctions, faster) vs chemical synapse (synaptic cleft, acetylcholine released into cleft, binds post-synaptic receptors)","50 NCERT line-by-line MCQs on nerve impulse conduction and Na+/K+ pump","50","Neural Control and Coordination: Human Nervous System, Neuron & Nerve Impulse","140","42","P: 45 | C: 45 | B: 50 (incl. ~42 PYQs)","Full audit of Class 11 Physics Mock 2 test errors","Audit of Class 11 Chemistry Mock 2 test errors in Error Book","Nerve impulse action potential graph and chemical synapse diagram",""
"75","DAY 75","1","11","NO","","","","Class 11 Physics Error-Book Blitz: Re-solving All Missed Questions (Days 1–74)","Thorough re-solving of every single question marked in the Error Book from Class 11 Physics across all mechanics and thermal units","40 targeted error-book numericals solved with full steps","40","Class 11 Physics Error-Book Blitz: Re-solving All Missed Questions (Days 1–74)","Class 11 Chemistry Error-Book Blitz: Re-solving All Missed Questions (Days 1–74)","Thorough re-solving of every single question marked in the Error Book from Class 11 Chemistry (stoichiometry, bonding, ionic, GOC)","40 targeted error-book chemistry problems solved with full steps","40","Class 11 Chemistry Error-Book Blitz: Re-solving All Missed Questions (Days 1–74)","Neural Control and Coordination: Human Brain Anatomy & Reflex Arc","Forebrain: Cerebrum (cerebral hemispheres connected by corpus callosum, sensory/motor/association areas), Thalamus (sensory relay center), Hypothalamus (thermoregulation, hunger, thirst, endocrine control, limbic system with amygdala and hippocampus emotional brain); Midbrain (corpora quadrigemina 4 optic lobes, cerebral aqueduct); Hindbrain: Cerebellum (body balance and posture), Pons (pneumotaxic center), Medulla oblongata (cardiovascular, respiratory, vomiting centers); Brain stem = midbrain + pons + medulla; Reflex action and reflex arc pathway","50 NCERT line-by-line MCQs on brain regions and limbic system functions","50","Neural Control and Coordination: Human Brain Anatomy & Reflex Arc","130","39","P: 40 | C: 40 | B: 50 (incl. ~39 PYQs)","Error-book physics numerical re-checks","Error-book chemistry reaction and formula re-checks in Error Book","Human brain sagittal section anatomy diagram and functions review",""
"76","DAY 76","1","11","NO","","","","Class 11 Physics High-Yield Formula Memorization Sheet Verification","Verbatim writing and derivation checking of all 150+ master formulas of Class 11 Physics without viewing notes","40 speed calculation problems testing formula recall","40","Class 11 Physics High-Yield Formula Memorization Sheet Verification","Class 11 Chemistry High-Yield Formula & Trend Memorization Verification","Verbatim writing of all physical formulas, inorganic periodic trends, and organic named reactions of Class 11 Chemistry","40 speed reaction and trend problems testing recall","40","Class 11 Chemistry High-Yield Formula & Trend Memorization Verification","Chemical Coordination and Integration: Endocrine Glands (Hypothalamus, Pituitary & Pineal)","Endocrine glands (ductless glands, hormones as non-nutrient intercellular messengers in trace amounts); Hypothalamus (releasing hormones TRH, GnRH; inhibiting hormones Somatostatin); Pituitary gland (hypophysis in sella turcica): Adenohypophysis (pars distalis: GH, PRL, TSH, ACTH, LH, FSH; pars intermedia: MSH); Neurohypophysis (pars nervosa: stores Oxytocin milk ejection/uterine contraction and Vasopressin/ADH); Pineal gland (melatonin, 24-hour diurnal rhythm sleep-wake cycle, body temperature, pigmentation)","50 NCERT line-by-line MCQs on pituitary hormones and feedback loops","50","Chemical Coordination and Integration: Endocrine Glands (Hypothalamus, Pituitary & Pineal)","130","39","P: 40 | C: 40 | B: 50 (incl. ~39 PYQs)","Physics formula sheet active recall check","Chemistry reaction reagent sheet active recall check in Error Book","Hypothalamus-pituitary axis hormones and target organs diagram",""
"77","DAY 77","1","11","NO","","","","Class 11 Physics Speed Drills: 45 MCQs in 35 Minutes","High-pressure speed drill to train rapid question triage, calculation shortcuts, and elimination techniques for NEET Physics","45 speed-drill MCQs under strict 35-minute timer","45","Class 11 Physics Speed Drills: 45 MCQs in 35 Minutes","Class 11 Chemistry Speed Drills: 45 MCQs in 30 Minutes","High-pressure speed drill for chemistry to build sub-40-second answer time on theoretical and direct numerical questions","45 speed-drill MCQs under strict 30-minute timer","45","Class 11 Chemistry Speed Drills: 45 MCQs in 30 Minutes","Chemical Coordination and Integration: Thyroid, Parathyroid, Thymus & Adrenal Glands","Thyroid gland (follicular cells secrete T3 and T4 requiring iodine; simple goiter, cretinism, myxedema, Grave disease; parafollicular cells secrete Thyrocalcitonin TCT hypocalcemic hormone); Parathyroid gland (PTH hypercalcemic hormone, antagonist to TCT); Thymus (thymosins, differentiation of T-lymphocytes cell-mediated immunity, degenerates with age); Adrenal gland: Adrenal cortex (zona glomerulosa mineralocorticoids Aldosterone, zona fasciculata glucocorticoids Cortisol, zona reticularis sexcorticoids; Addison disease), Adrenal medulla (emergency hormones adrenaline/epinephrine and noradrenaline flight-or-fight)","50 NCERT line-by-line MCQs on thyroid disorders, PTH vs TCT, and adrenal cortex","50","Chemical Coordination and Integration: Thyroid, Parathyroid, Thymus & Adrenal Glands","140","42","P: 45 | C: 45 | B: 50 (incl. ~42 PYQs)","Speed drill time allocation analysis (Physics target: 45s per direct question)","PTH vs TCT calcium regulation antagonism in Error Book","Adrenal gland zones and hormones review",""
"78","DAY 78","1","12","NO","","","","Class 11 Physics NCERT Hidden Points & Graph Blitz","Reviewing every single graph, summary point, and ""Points to Ponder"" note from NCERT Class 11 Physics textbooks Volumes 1 & 2","40 conceptual graph and statement MCQs","40","Class 11 Physics NCERT Hidden Points & Graph Blitz","Class 11 Chemistry NCERT Hidden Lines & Table Blitz","Reviewing every table, footnote, and exceptional value from NCERT Class 11 Chemistry textbooks Part 1 & Part 2","40 NCERT line-based chemistry MCQs","40","Class 11 Chemistry NCERT Hidden Lines & Table Blitz","Chemical Coordination and Integration: Pancreas, Gonads & Mechanism of Hormone Action","Pancreas (composite gland, Islets of Langerhans: α-cells secrete Glucagon hypercalcemic/glycogenolysis, β-cells secrete Insulin hypoglycemic/glycogenesis; Diabetes mellitus); Testis (Leydig cells secrete androgens Testosterone) & Ovary (estrogen from follicles, progesterone from corpus luteum); Other organs (Heart ANF, Kidney erythropoietin, GI tract gastrin, secretin, CCK, GIP); Mechanism of hormone action: (1) Water-soluble hormones (peptide, protein: bind membrane receptors, generate second messengers cAMP, IP3, Ca2+), (2) Lipid-soluble hormones (steroid, iodothyronines: enter cell, bind intracellular receptors, regulate gene expression)","50 NCERT line-by-line MCQs on insulin vs glucagon and hormone action mechanisms","50","Chemical Coordination and Integration: Pancreas, Gonads & Mechanism of Hormone Action","130","39","P: 40 | C: 40 | B: 50 (incl. ~39 PYQs)","Physics NCERT ""Points to Ponder"" review points","Protein hormone second messengers vs steroid hormone action in Error Book","Hormone mechanism diagrams (membrane receptor vs intracellular receptor)",""
"79","DAY 79","1","12","NO","","","","Class 11 Biology Grand Marathon: All 22 Chapters Lightning Revision","Comprehensive review of all 22 Class 11 Biology chapters: Diversity in Living World, Structural Organisation, Cell Biology, Plant Physiology, Human Physiology","40 high-yield multi-unit Biology MCQs","40","Class 11 Biology Grand Marathon: All 22 Chapters Lightning Revision","Class 11 Chemistry Grand Marathon: All 9 Chapters Lightning Revision","Comprehensive lightning review across Physical, Inorganic, and Organic Chemistry Class 11","40 high-yield multi-unit Chemistry MCQs","40","Class 11 Chemistry Grand Marathon: All 9 Chapters Lightning Revision","Class 11 Physics Grand Marathon: All 15 Chapters Lightning Revision","Comprehensive lightning review across Mechanics, Properties of Matter, Thermal, Oscillations & Waves","40 high-yield multi-unit Physics MCQs","40","Class 11 Physics Grand Marathon: All 15 Chapters Lightning Revision","120","36","P: 40 | C: 40 | B: 40 (incl. ~36 PYQs)","Consolidated 3-subject active recall of all Class 11 key definitions and values","Final clearance of all remaining Class 11 Error Book entries","NCERT Biology Class 11 scientist contributions (Ernst Mayr, Singer-Nicolson, Melvin Calvin) list",""
"80","DAY 80","1","12","YES","","","","GRAND FINALE OF PHASE 1: Full Class 11 NEET Diagnostic Exam (Physics + Chemistry + Biology)","Complete full-length NEET format diagnostic paper covering 100% of Class 11 syllabus: 45 Physics + 45 Chemistry + 90 Biology (Total 180 Questions, 720 Marks) under strict 3h 20m exam conditions","Comprehensive in-depth 3-subject paper analysis, scoring, error classification, and weak area certification","180","GRAND FINALE OF PHASE 1: Full Class 11 NEET Diagnostic Exam (Physics + Chemistry + Biology)","Class 11 Chemistry Grand Milestone Audit","Post-exam chemistry review and celebration of 100% Class 11 Chemistry completion","Post-exam chemistry analysis","0","Class 11 Chemistry Grand Milestone Audit","Class 11 Biology Grand Milestone Audit","Post-exam biology review and celebration of 100% Class 11 Biology completion","Post-exam biology analysis","0","Class 11 Biology Grand Milestone Audit","180","54","P: 180 | C: 0 | B: 0 (incl. ~54 PYQs)","Full Class 11 Milestone Reflection: Celebrate completing all 15 Physics, 9 Chemistry, and 22 Biology chapters of Class 11!","Class 11 Error Book Sealed & Mastered: ready for Class 12 launch on Day 81","Full Class 11 syllabus completion certified","PHASE 1 GRAND MILESTONE: Complete Class 11 Syllabus Diagnostic Exam (720 Marks)"
"81","DAY 81","2","12","NO","","","","Electric Charges & Fields: Coulomb Law & Superposition","Quantization q=ne, Coulomb force in vacuum & dielectric medium, vector form, superposition principle","35 numericals on force between charges at triangle/square vertices","35","Electric Charges & Fields: Coulomb Law & Superposition","Solutions: Concentration Terms, Raoult Law & Ideal Solutions","Molarity, molality, mole fraction, Raoult law for volatile liquids (P_total = P_A° X_A + P_B° X_B), vapor pressure curves","35 numericals on vapor pressure of binary liquid mixtures","35","Solutions: Concentration Terms, Raoult Law & Ideal Solutions","Sexual Reproduction in Flowering Plants: Stamen, Microsporangium & Pollen Grain","Anther wall layers (epidermis, endothecium, middle layers, tapetum nourishment), microsporogenesis, pollen grain structure (exine sporopollenin, intine), pollen viability","45 line-based NCERT MCQs on tapetum and sporopollenin","45","Sexual Reproduction in Flowering Plants: Stamen, Microsporangium & Pollen Grain","115","35","P: 35 | C: 35 | B: 45 (incl. ~35 PYQs)","Coulomb law dielectric constant medium effect review","Raoult law mole fraction in vapor phase vs liquid phase in Error Book","Anther cross-section NCERT diagram labeling",""
"82","DAY 82","2","12","NO","","","","Electric Charges & Fields: Electric Field & Electric Dipole","Electric field E = F/q, field of point charge, dipole moment p = q(2a), axial field E_axial = 2kp/r³, equatorial field E_eq = kp/r³","35 numericals on dipole field ratio (E_axial / E_eq = 2) and dipole in uniform E field (τ = p × E, U = -p·E)","35","Electric Charges & Fields: Electric Field & Electric Dipole","Solutions: Non-Ideal Solutions & Azeotropes","Positive deviation (ΔH_mix > 0, ΔV_mix > 0, minimum boiling azeotrope e.g., ethanol-water), Negative deviation (ΔH_mix < 0, maximum boiling azeotrope e.g., HNO3-water)","35 MCQs on intermolecular forces and azeotropic mixtures","35","Solutions: Non-Ideal Solutions & Azeotropes","Sexual Reproduction in Flowering Plants: Pistil, Megasporangium (Ovule) & Embryo Sac","Ovule parts (funicle, hilum, integuments, micropyle, chalaza, nucellus), megasporogenesis, monosporic development of 7-celled 8-nucleate female gametophyte","45 line-based NCERT MCQs on egg apparatus, antipodals, and polar nuclei","45","Sexual Reproduction in Flowering Plants: Pistil, Megasporangium (Ovule) & Embryo Sac","115","35","P: 35 | C: 35 | B: 45 (incl. ~35 PYQs)","Electric dipole torque and potential energy work formulas","Positive vs negative deviation examples list in Error Book","7-celled 8-nucleate embryo sac diagram review",""
"83","DAY 83","2","12","NO","","","","Electric Charges & Fields: Electric Flux & Gauss Law","Flux Φ = ∫E·dA, Gauss law Φ_total = q_enclosed / ε₀; applications: electric field due to infinitely long charged wire (E = λ / 2πε₀r), infinite plane sheet (E = σ / 2ε₀)","35 numericals on flux through cube faces and cylindrical Gaussian surfaces","35","Electric Charges & Fields: Electric Flux & Gauss Law","Solutions: Colligative Properties — Relative Lowering of Vapor Pressure & Elevation of Boiling Point","RLVP (ΔP/P° = X_solute = n/N); Elevation of boiling point (ΔTb = Kb × m), ebullioscopic constant Kb derivation & unit","35 numericals on molecular mass determination from ΔTb and RLVP","35","Solutions: Colligative Properties — Relative Lowering of Vapor Pressure & Elevation of Boiling Point","Sexual Reproduction in Flowering Plants: Pollination (Autogamy, Geitonogamy, Xenogamy)","Chasmogamous vs cleistogamous flowers (Commelina, Viola, Oxalis); abiotic agents (wind, water - Vallisneria, Zostera); biotic agents (insects, animals), outbreeding devices to prevent inbreeding","45 line-based NCERT MCQs on pollination mechanisms and cleistogamy","45","Sexual Reproduction in Flowering Plants: Pollination (Autogamy, Geitonogamy, Xenogamy)","115","35","P: 35 | C: 35 | B: 45 (incl. ~35 PYQs)","Gauss law charge enclosed at cube corner/face fraction","Kb unit (K kg mol⁻¹) and molality calculations in Error Book","Pollination agents comparison table review",""
"84","DAY 84","2","12","NO","","","","Electric Charges & Fields: Gauss Law for Spherical Shells & Conductors","E inside thin spherical shell = 0, E outside = kQ/r², E at surface = kQ/R² = σ/ε₀; non-conducting solid sphere field variation (E ∝ r inside, E ∝ 1/r² outside)","35 numericals and graphs of E vs r for charged conducting and non-conducting spheres","35","Electric Charges & Fields: Gauss Law for Spherical Shells & Conductors","Solutions: Colligative Properties — Depression of Freezing Point & Osmotic Pressure","Depression of freezing point (ΔTf = Kf × m), cryoscopic constant; Osmotic pressure (π = CRT), isotonic, hypertonic, hypotonic solutions, reverse osmosis desalination","35 numericals on freezing point depression and osmotic pressure of biomolecules","35","Solutions: Colligative Properties — Depression of Freezing Point & Osmotic Pressure","Sexual Reproduction in Flowering Plants: Pollen-Pistil Interaction & Double Fertilization","Pollen tube growth, entry into ovule through micropyle/filiform apparatus; Double fertilization (syngamy: male gamete + egg -> zygote 2n; triple fusion: male gamete + 2 polar nuclei -> PEN 3n)","45 line-based NCERT MCQs on filiform apparatus and PEN ploidy (3n)","45","Sexual Reproduction in Flowering Plants: Pollen-Pistil Interaction & Double Fertilization","115","35","P: 35 | C: 35 | B: 45 (incl. ~35 PYQs)","E vs r graphs for hollow vs solid sphere","Osmotic pressure preferred for molar mass of polymers/proteins rationale in Error Book","Double fertilization events and ploidy summary",""
"85","DAY 85","2","13","NO","","","","Electrostatic Potential & Capacitance: Electric Potential & Potential Difference","Potential V = W/q, potential due to point charge V = kq/r, potential due to dipole V = kp cosθ / r², equipotential surfaces and properties (E perpendicular to equipotential)","35 numericals on work done in moving charge on equipotential surfaces","35","Electrostatic Potential & Capacitance: Electric Potential & Potential Difference","Solutions: Abnormal Molar Masses & Van't Hoff Factor (i)","Van't Hoff factor i = normal molar mass / abnormal molar mass = total particles after dissociation/association / initial particles; relation with degree of dissociation α = (i - 1)/(n - 1) and association","35 numericals on calculating i and modified colligative formulas (ΔTb = i Kb m, π = i CRT)","35","Solutions: Abnormal Molar Masses & Van't Hoff Factor (i)","Sexual Reproduction in Flowering Plants: Endosperm, Embryo Development, Seed & Apomixis","Free-nuclear vs cellular endosperm (coconut water vs kernel); embryogeny (globular, heart-shaped, mature embryo); non-albuminous vs albuminous seeds; apomixis (asexual seed formation, Citrus polyembryony)","50 NCERT line-by-line MCQs on apomixis and embryo structure","50","Sexual Reproduction in Flowering Plants: Endosperm, Embryo Development, Seed & Apomixis","120","36","P: 35 | C: 35 | B: 50 (incl. ~36 PYQs)","Work done along equipotential surface = zero","Van't Hoff factor association (i < 1) vs dissociation (i > 1) in Error Book","Dicot vs monocot embryo anatomy diagrams",""
"86","DAY 86","2","13","NO","","","","Electrostatic Potential: Potential Energy of System of Charges & Conductors","Electrostatic PE U = kq1q2/r, PE of system of 3 or 4 charges; electrostatic shielding, charge distribution on irregular conductors, corona discharge","35 numericals on work required to assemble charges at vertices of polygon","35","Electrostatic Potential: Potential Energy of System of Charges & Conductors","Solutions: Full Chapter Comprehensive Review & 10-Year NEET PYQs","Comprehensive review of Raoult law, colligative properties, van't Hoff factor with NEET PYQs","40 timed solutions PYQs under 45 minutes","40","Solutions: Full Chapter Comprehensive Review & 10-Year NEET PYQs","Human Reproduction: Male Reproductive System Anatomy","Testes in scrotum (temperature 2-2.5°C lower for spermatogenesis), testicular lobules, seminiferous tubules: Sertoli cells (nourish sperms) and spermatogonia; interstitial Leydig cells (androgens); accessory ducts (rete testis, vasa efferentia, epididymis, vas deferens); accessory glands (seminal vesicles 60%, prostate gland, bulbourethral/Cowper glands)","50 line-based NCERT MCQs on male accessory glands and Sertoli cell functions","50","Human Reproduction: Male Reproductive System Anatomy","125","38","P: 35 | C: 40 | B: 50 (incl. ~38 PYQs)","System of charges potential energy formula U = ∑ kqi qj / rij","Azeotropic boiling temperature vs pure components in Error Book","Male reproductive system sagittal view diagram review",""
"87","DAY 87","2","13","YES","","","","Capacitance: Parallel Plate Capacitor & Dielectrics","Capacitance definition C = Q/V, parallel plate capacitor C = ε₀ A / d; effect of dielectric slab of constant K (C = K C₀, E = E₀/K); capacitor with partially filled dielectric slab C = ε₀ A / (d - t + t/K)","35 numericals on capacitance changes with battery connected vs disconnected","35","Capacitance: Parallel Plate Capacitor & Dielectrics","Electrochemistry: Galvanic Cells, Cell Potential & Nernst Equation","Daniel cell (Zn-Cu), anode oxidation vs cathode reduction, cell EMF E_cell = E°_cathode - E°_anode; Nernst equation E_cell = E°_cell - (0.0591/n) log Q at 298 K","35 numericals on calculating EMF of concentration cells and non-standard cells","35","Electrochemistry: Galvanic Cells, Cell Potential & Nernst Equation","Human Reproduction: Female Reproductive System Anatomy","Ovaries, fallopian tubes (infundibulum with fimbriae, ampulla site of fertilization, isthmus), uterus (perimetrium, myometrium smooth muscle, endometrium cyclic changes), cervix, vagina; mammary glands (alveoli, mammary tubules, lactiferous duct)","50 line-based NCERT MCQs on fallopian tube parts and uterine wall layers","50","Human Reproduction: Female Reproductive System Anatomy","120","36","P: 35 | C: 35 | B: 50 (incl. ~36 PYQs)","Week 12 Cumulative Revision: 720-minute rapid review across all Week 12 topics","Audit Week 12 Error Book: capacitor battery connected/disconnected formulas check","Female reproductive tract and ovary histology diagrams review","MILESTONE TEST 11: Class 12 Week 1 Review (Electrostatics I, Solutions, Flowering Plants Reproduction)"
"88","DAY 88","2","13","NO","","","","Capacitance: Combination of Capacitors (Series & Parallel) & Energy Stored","Series combination (1/C_eq = 1/C1 + 1/C2, charge Q same), parallel combination (C_eq = C1 + C2, voltage V same); energy stored in capacitor U = ½CV² = ½Q²/C = ½QV; energy density u = ½ε₀E²","35 numericals on equivalent capacitance of bridge networks and energy loss on connecting capacitors","35","Capacitance: Combination of Capacitors (Series & Parallel) & Energy Stored","Electrochemistry: Equilibrium Constant & Gibbs Energy (ΔG° = -n F E°_cell)","Relationship between standard cell potential and equilibrium constant log Kc = n E°_cell / 0.0591; maximum electrical work W_max = -ΔG° = n F E°_cell; spontaneity condition","35 numericals on calculating ΔG° and Kc from cell potentials","35","Electrochemistry: Equilibrium Constant & Gibbs Energy (ΔG° = -n F E°_cell)","Human Reproduction: Gametogenesis (Spermatogenesis vs Oogenesis)","Spermatogenesis: spermatogonia (2n) -> primary spermatocytes -> secondary spermatocytes (n) -> spermatids -> spermatozoa (spermiogenesis); Oogenesis: oogonia -> primary oocyte arrested in Prophase I -> secondary oocyte + first polar body arrested in Metaphase II until fertilization","50 line-based NCERT MCQs on ploidy levels and oocyte arrest stages","50","Human Reproduction: Gametogenesis (Spermatogenesis vs Oogenesis)","120","36","P: 35 | C: 35 | B: 50 (incl. ~36 PYQs)","Energy loss on connecting two charged capacitors ΔU = ½ C1C2/(C1+C2) (V1-V2)²","Nernst equation n-factor for multivalent redox reactions in Error Book","Spermatogenesis vs Oogenesis comparative flowchart review",""
"89","DAY 89","2","13","NO","","","","Electrostatics & Capacitance: Comprehensive Unit Review & NEET PYQs","Comprehensive review of Gauss law, potential, capacitance networks, dielectrics with 10-year NEET PYQs","40 timed electrostatics PYQs under 45 minutes","40","Electrostatics & Capacitance: Comprehensive Unit Review & NEET PYQs","Electrochemistry: Conductance of Electrolytic Solutions & Kohlrausch Law","Resistance R, resistivity ρ, conductance G, conductivity κ = G × (l/A); molar conductivity Λm = 1000 κ / M; variation of Λm with dilution for strong vs weak electrolytes; Kohlrausch law of independent migration of ions","35 numericals on Kohlrausch law and degree of dissociation α = Λm / Λm°","35","Electrochemistry: Conductance of Electrolytic Solutions & Kohlrausch Law","Human Reproduction: Menstrual Cycle Hormonal Regulation","Phases: Menstrual phase (1-5 days), Follicular/Proliferative phase (estrogen rises, FSH stimulates follicular growth), Ovulatory phase (LH surge triggers ovulation around day 14), Luteal/Secretory phase (corpus luteum secretes progesterone); negative and positive feedback loops","50 line-based NCERT MCQs on LH surge, progesterone graph, and ovarian follicles","50","Human Reproduction: Menstrual Cycle Hormonal Regulation","125","38","P: 40 | C: 35 | B: 50 (incl. ~38 PYQs)","Electrostatics formula sheet verification","Kohlrausch law calculation steps in Error Book","Menstrual cycle 4-hormone graphic chart (FSH, LH, Estrogen, Progesterone) verbatim",""
"90","DAY 90","2","13","NO","","","","Current Electricity: Electric Current, Drift Velocity & Ohm Law","Current I = dq/dt = n e A v_d, drift velocity v_d = eEτ/m; current density j = I/A = σE (microscopic Ohm law); derivation of Ohm law R = ρ L/A where ρ = m/(n e² τ); temperature dependence of resistivity (ρ_t = ρ₀(1 + αΔT))","35 numericals on drift speed, relaxation time, and resistance of stretched wires","35","Current Electricity: Electric Current, Drift Velocity & Ohm Law","Electrochemistry: Electrolysis, Faraday Laws & Commercial Batteries","Faraday 1st law (m = z I t = E I t / 96500) and 2nd law; primary batteries (dry cell, mercury cell); secondary batteries (lead storage battery reactions at anode/cathode during discharge/recharge, Ni-Cd cell); fuel cells (H2-O2 fuel cell 70% efficiency); corrosion (rusting of iron mechanism and prevention)","35 numericals on Faraday electrolysis and battery chemistry MCQs","35","Electrochemistry: Electrolysis, Faraday Laws & Commercial Batteries","Human Reproduction: Fertilization, Cleavage, Blastocyst & Implantation","Site of fertilization (ampullary region); acrosomal reaction (hyaluronidase, corona penetrating enzyme), block to polyspermy (depolarization and cortical reaction); cleavage divisions -> morula (8-16 blastomeres) -> blastocyst (trophoblast + inner cell mass); implantation into endometrium","50 line-based NCERT MCQs on acrosomal reaction and blastocyst differentiation","50","Human Reproduction: Fertilization, Cleavage, Blastocyst & Implantation","120","36","P: 35 | C: 35 | B: 50 (incl. ~36 PYQs)","Resistance of stretched wire (if length doubled at constant volume, R becomes 4R)","Lead storage battery discharge reactions (Pb + PbO2 + 2H2SO4 -> 2PbSO4 + 2H2O) in Error Book","Blastocyst structure and implantation steps diagram",""
"91","DAY 91","2","13","NO","","","","Current Electricity: Resistor Combinations & EMF vs Terminal Voltage","Resistors in series and parallel; internal resistance r of cell, EMF (E), terminal voltage V = E - Ir (discharging) and V = E + Ir (charging); combination of cells in series and parallel (E_eq, r_eq)","35 numericals on network of resistors and maximum power transfer theorem (R = r)","35","Current Electricity: Resistor Combinations & EMF vs Terminal Voltage","Chemical Kinetics: Rate of Reaction, Rate Law & Order of Reaction","Average vs instantaneous rate; rate expression and stoichiometry; rate law, rate constant k; order of reaction (0, 1, 2, fractional) vs molecularity (theoretical, always positive integer ≤ 3)","35 problems finding reaction order from initial rate method and rate constant units","35","Chemical Kinetics: Rate of Reaction, Rate Law & Order of Reaction","Human Reproduction: Pregnancy, Placenta, Parturition & Lactation","Placental hormones (hCG, hPL, estrogen, progesterone, relaxin; hCG/hPL/relaxin produced only in pregnancy); Parturition: fetal ejection reflex triggers oxytocin release from maternal pituitary; Lactation: colostrum rich in IgA antibodies","50 line-based NCERT MCQs on pregnancy hormones and colostrum","50","Human Reproduction: Pregnancy, Placenta, Parturition & Lactation","120","36","P: 35 | C: 35 | B: 50 (incl. ~36 PYQs)","Terminal voltage of cell while charging vs discharging","Unit of rate constant k = (mol/L)^(1-n) s⁻¹ in Error Book","Placental endocrine functions and fetal ejection reflex flowchart",""
"92","DAY 92","2","14","NO","","","","Current Electricity: Kirchhoff Laws & Wheatstone Bridge","Kirchhoff Junction Rule (KCL, conservation of charge), Kirchhoff Loop Rule (KVL, conservation of energy); sign convention; balanced Wheatstone bridge condition (P/Q = R/S)","35 numericals on multi-loop circuits and balanced/unbalanced Wheatstone bridges","35","Current Electricity: Kirchhoff Laws & Wheatstone Bridge","Chemical Kinetics: Integrated Rate Equations — Zero Order & First Order Reactions","Zero order: [R] = [R]₀ - kt, half-life t_1/2 = [R]₀ / 2k; First order: k = (2.303/t) log([R]₀/[R]), half-life t_1/2 = 0.693 / k (independent of initial concentration); graphs of zero and first order reactions","35 numericals on half-life, percentage completion of 1st order reactions (t_99.9% = 10 t_1/2)","35","Chemical Kinetics: Integrated Rate Equations — Zero Order & First Order Reactions","Reproductive Health: Population Stabilization, Contraception & MTP","Natural contraceptive methods (periodic abstinence, coitus interruptus, lactational amenorrhea up to 6 months); Barrier methods (condoms, diaphragms, cervical caps); IUDs: non-medicated (Lippes loop), copper-releasing (CuT, Cu7, Multiload 375 suppress sperm motility), hormone-releasing (Progestasert, LNG-20 make uterus unsuitable); Oral pills (Saheli once-a-week non-steroidal pill developed by CDRI Lucknow); Surgical sterilization (vasectomy, tubectomy); MTP (Medical Termination of Pregnancy Amendment Act)","50 line-based NCERT MCQs on IUD classifications and Saheli","50","Reproductive Health: Population Stabilization, Contraception & MTP","120","36","P: 35 | C: 35 | B: 50 (incl. ~36 PYQs)","Kirchhoff loop sign conventions consistency rule","First order reaction percentage time relations in Error Book","Contraceptive methods classification and mechanism table",""
"93","DAY 93","2","14","NO","","","","Current Electricity: Meter Bridge & Potentiometer Principle","Meter bridge principle based on Wheatstone bridge (R/S = l / (100 - l)); Potentiometer principle (potential gradient k = V/L); comparison of EMFs of two cells (E1/E2 = l1/l2); determination of internal resistance of cell (r = R(l1/l2 - 1))","35 numericals on meter bridge end error corrections and potentiometer balancing lengths","35","Current Electricity: Meter Bridge & Potentiometer Principle","Chemical Kinetics: Temperature Dependence & Arrhenius Equation","Arrhenius equation k = A e^(-Ea / RT), logarithmic form log(k2/k1) = (Ea / 2.303 R) [1/T1 - 1/T2]; plot of log k vs 1/T (slope = -Ea / 2.303R); activation energy Ea, collision theory, effective collisions, steric factor p","35 numericals on calculating activation energy and rate constant ratio at two temperatures","35","Chemical Kinetics: Temperature Dependence & Arrhenius Equation","Reproductive Health: Sexually Transmitted Infections (STIs) & Infertility (ART)","STIs: bacterial (gonorrhea, syphilis), viral (genital herpes, genital warts, hepatitis B, HIV incurable); Assisted Reproductive Technologies (ART): IVF-ET (test tube baby: ZIFT zygote up to 8 blastomeres into fallopian tube, IUT > 8 blastomeres into uterus), GIFT (gamete intrafallopian transfer), ICSI (intracytoplasmic sperm injection), AI / IUI","50 line-based NCERT MCQs on ART procedures and incurable STIs","50","Reproductive Health: Sexually Transmitted Infections (STIs) & Infertility (ART)","120","36","P: 35 | C: 35 | B: 50 (incl. ~36 PYQs)","Potentiometer sensitivity increases with decrease in potential gradient (increasing wire length)","Arrhenius plot slope (-Ea / 2.303R) calculation in Error Book","ART techniques comparison summary (ZIFT vs IUT vs GIFT vs ICSI)",""
"94","DAY 94","2","14","NO","","","","Current Electricity: Electrical Power, Heating Effect & 10-Year NEET PYQs","Joule heating H = I²Rt, electric power P = VI = I²R = V²/R; bulb rating problems (brightness in series vs parallel); fuse wire characteristics; 10-year NEET PYQs review","40 timed current electricity PYQs under 45 minutes","40","Current Electricity: Electrical Power, Heating Effect & 10-Year NEET PYQs","Chemical Kinetics: Full Chapter Comprehensive Review & 10-Year NEET PYQs","Review order, molecularity, integrated rate laws, half-life formulas, Arrhenius equation with 10-year NEET PYQs","40 timed chemical kinetics PYQs under 45 minutes","40","Chemical Kinetics: Full Chapter Comprehensive Review & 10-Year NEET PYQs","Principles of Inheritance and Variation: Mendel Experiments & Law of Dominance","Mendel 7 pairs of contrasting traits in Pisum sativum; Monohybrid cross (phenotypic ratio 3:1, genotypic ratio 1:2:1); Law of Dominance (traits controlled by discrete factors, one dominant over other); Law of Segregation (purity of gametes, alleles separate during gamete formation without blending); Test cross (crossing dominant phenotype with homozygous recessive to determine genotype)","50 line-based NCERT MCQs on Mendel traits and test cross ratios","50","Principles of Inheritance and Variation: Mendel Experiments & Law of Dominance","130","39","P: 40 | C: 40 | B: 50 (incl. ~39 PYQs)","Bulb brightness rule (in series: higher resistance bulb glows brighter; in parallel: lower resistance bulb glows brighter)","Kinetics pseudo-first order reactions (ester hydrolysis) in Error Book","Mendel 7 contrasting characters table 5.1 memorization",""
"95","DAY 95","2","14","NO","","","","Moving Charges & Magnetism: Magnetic Force & Biot-Savart Law","Lorentz force F = q(E + v × B); magnetic force on moving charge F = q(v × B), circular motion in perpendicular B (radius r = mv/qB, frequency f = qB/2πm); helical motion; Biot-Savart law dB = (μ₀/4π) (I dl × r / r³)","35 numericals on radius of curvature of proton vs alpha particle in B field","35","Moving Charges & Magnetism: Magnetic Force & Biot-Savart Law","The d- and f-Block Elements: General Properties & Electronic Configurations","Position in periodic table, general electronic configuration (n-1)d^(1-10) ns^(1-2); trends in atomic/ionic radii, lanthanoid contraction causes similar size of 4d and 5d elements (Zr-Hf, Nb-Ta); high enthalpies of atomization","35 problems on electronic configurations and lanthanoid contraction consequences","35","The d- and f-Block Elements: General Properties & Electronic Configurations","Principles of Inheritance and Variation: Incomplete Dominance & Co-dominance","Incomplete dominance: flower color in Antirrhinum majus (snapdragon/dog flower, phenotypic and genotypic ratio 1:2:1 pink intermediate); Co-dominance: ABO blood group alleles (IA, IB co-dominant over i, 6 genotypes, 4 phenotypes); pleiotropy (phenylketonuria); polygenic inheritance (human skin color controlled by 3 genes)","50 line-based NCERT MCQs on incomplete dominance and ABO blood groups","50","Principles of Inheritance and Variation: Incomplete Dominance & Co-dominance","120","36","P: 35 | C: 35 | B: 50 (incl. ~36 PYQs)","Radius of charged particle in magnetic field r = √(2mK) / qB","Lanthanoid contraction causes (poor shielding by 4f electrons) in Error Book","Incomplete dominance vs co-dominance phenotypic ratio comparison",""
"96","DAY 96","2","14","NO","","","","Moving Charges & Magnetism: Magnetic Field of Circular Loop & Ampere Circuital Law","Magnetic field on axis of circular current loop B = μ₀ I R² / 2(R² + x²)³/²; at center B = μ₀ I / 2R; Ampere Circuital Law ∮B·dl = μ₀ I_enclosed; magnetic field of long straight wire (B = μ₀ I / 2πr), solenoid (B = μ₀ n I), toroid","35 numericals on magnetic field at center and axis of circular coils, solenoid fields","35","Moving Charges & Magnetism: Magnetic Field of Circular Loop & Ampere Circuital Law","The d- and f-Block Elements: Oxidation States, Magnetic Properties & Colored Ions","Variable oxidation states (Mn exhibits +2 to +7); magnetic moment spin-only formula μ = √(n(n+2)) BM; formation of colored ions due to d-d transitions; catalytic properties; interstitial compounds formation; alloy formation","35 problems calculating spin-only magnetic moments and predicting colored vs colorless ions","35","The d- and f-Block Elements: Oxidation States, Magnetic Properties & Colored Ions","Principles of Inheritance and Variation: Dihybrid Cross & Law of Independent Assortment","Dihybrid cross (round yellow × wrinkled green, phenotypic ratio 9:3:3:1); Law of Independent Assortment; Chromosomal Theory of Inheritance (Sutton & Boveri 1902: parallelism between behavior of chromosomes and genes)","50 line-based NCERT MCQs on dihybrid cross gamete combinations and Punnett squares","50","Principles of Inheritance and Variation: Dihybrid Cross & Law of Independent Assortment","120","36","P: 35 | C: 35 | B: 50 (incl. ~36 PYQs)","Magnetic field at center of circular arc B = (μ₀ I / 4πR) θ","Spin-only magnetic moment for d-block ions (e.g., Fe2+, Cr3+, Cu2+) in Error Book","Dihybrid cross 16-box Punnett square review",""
"97","DAY 97","2","14","YES","","","","Moving Charges & Magnetism: Force Between Parallel Currents & Moving Coil Galvanometer","Force between two parallel current-carrying conductors F/L = μ₀ I1 I2 / 2πd (attractive for parallel, repulsive for antiparallel); definition of 1 Ampere; torque on current loop τ = M × B = NIAB sinθ; Moving Coil Galvanometer principle, sensitivity, conversion to ammeter (low shunt S in parallel) and voltmeter (high multiplier R in series)","35 numericals on ammeter shunt calculation and voltmeter series resistor","35","Moving Charges & Magnetism: Force Between Parallel Currents & Moving Coil Galvanometer","The d- and f-Block Elements: Potassium Permanganate (KMnO4) & Potassium Dichromate (K2Cr2O7)","Preparation of K2Cr2O7 from chromite ore (FeCr2O4) and KMnO4 from pyrolusite (MnO2); oxidizing actions in acidic medium: Cr2O7²⁻ + 14H⁺ + 6e⁻ -> 2Cr³⁺ + 7H2O (oxidizes Fe²⁺ to Fe³⁺, I⁻ to I2); MnO4⁻ + 8H⁺ + 5e⁻ -> Mn²⁺ + 4H2O; chromyl chloride test (CrO2Cl2 red vapor)","35 problems balancing redox reactions of KMnO4 and K2Cr2O7 in acidic/basic media","35","The d- and f-Block Elements: Potassium Permanganate (KMnO4) & Potassium Dichromate (K2Cr2O7)","Principles of Inheritance and Variation: Linkage, Recombination & Sex Determination","Morgan work on Drosophila melanogaster (fruit fly advantages); linkage (physical association of genes on chromosome) vs recombination; Morgan crosses (Cross A: yellow body/white eyes 1.3% recombination, Cross B: white eyes/miniature wings 37.2%); genetic maps (Alfred Sturtevant: distance in centimorgans / map units); Sex determination: XX-XY (human, Drosophila), ZZ-ZW (birds), XX-XO (grasshopper), haplo-diploidy in honey bees","50 line-based NCERT MCQs on Morgan linkage crosses and sex determination types","50","Principles of Inheritance and Variation: Linkage, Recombination & Sex Determination","120","36","P: 35 | C: 35 | B: 50 (incl. ~36 PYQs)","Week 14 Cumulative Revision: 720-minute rapid review across all Week 14 topics","Audit Week 14 Error Book: ammeter shunt S = Ig Rg / (I - Ig) formula check","Morgan linkage Cross A and Cross B diagrams review","MILESTONE TEST 12: Class 12 Week 2 Review (Current Electricity, Kinetics, d-Block, Genetics I)"
"98","DAY 98","2","14","NO","","","","Magnetism and Matter: Bar Magnet as Equivalent Solenoid & Earth Magnetism","Magnetic dipole moment M = m(2l); magnetic field on axial line B = 2kp/r³ and equatorial line; Earth magnetic elements: Magnetic Declination, Angle of Dip / Inclination (tanδ = Bv / Bh), Horizontal component Bh","35 numericals on angle of dip and apparent dip in inclined planes","35","Magnetism and Matter: Bar Magnet as Equivalent Solenoid & Earth Magnetism","The d- and f-Block Elements: Lanthanoids & Actinoids (Inner Transition Elements)","Lanthanoids: 4f series (Ce to Lu), general config, common +3 oxidation state, Eu²⁺ and Ce⁴⁺ exceptions; Actinoids: 5f series (Th to Lr), radioactive, wider range of oxidation states due to comparable energies of 5f, 6d, 7s; actinoid contraction greater than lanthanoid contraction","35 MCQs on lanthanoid and actinoid comparative chemistry","35","The d- and f-Block Elements: Lanthanoids & Actinoids (Inner Transition Elements)","Principles of Inheritance and Variation: Mutation & Mendelian Genetic Disorders","Point mutation (sickle-cell anemia: GAG to GUG codon substitution in β-globin chain, glutamic acid replaced by valine); frameshift mutations; Mendelian disorders (autosomal recessive vs dominant, sex-linked): Hemophilia (royal disease, X-linked recessive), Color blindness (X-linked recessive), Sickle-cell anemia (autosomal recessive HbS), Phenylketonuria (autosomal recessive, lack of phenylalanine hydroxylase), Thalassemia (α vs β thalassemia, quantitative vs sickle qualitative defect)","50 line-based NCERT MCQs on pedigree charts and Mendelian disorders","50","Principles of Inheritance and Variation: Mutation & Mendelian Genetic Disorders","120","36","P: 35 | C: 35 | B: 50 (incl. ~36 PYQs)","Angle of dip formula tanδ = B_V / B_H","Thalassemia (quantitative defect) vs Sickle-cell anemia (qualitative defect) in Error Book","Standard pedigree symbols and autosomal vs sex-linked pedigree analysis",""
"99","DAY 99","2","15","NO","","","","Magnetism and Matter: Magnetic Properties of Materials (Dia, Para, Ferro)","Magnetic intensity H, Magnetization I, Magnetic susceptibility χ = I/H, Relative permeability μr = 1 + χ; Diamagnetism (χ small and negative, independent of T, repelled by magnet, superconductor Meissner effect); Paramagnetism (χ small and positive, Curie law χ ∝ 1/T); Ferromagnetism (χ large and positive, domain theory, Curie temperature Tc transition to paramagnet)","35 MCQs on susceptibility values and classification of materials","35","Magnetism and Matter: Magnetic Properties of Materials (Dia, Para, Ferro)","Coordination Compounds: Werner Theory, Ligands & IUPAC Nomenclature","Werner theory (primary ionizable valency = oxidation state, secondary non-ionizable valency = coordination number); Ligands: monodentate, bidentate (oxalate, en), polydentate (EDTA⁴⁻ hexadentate), ambidentate (NO2⁻ / ONO⁻, SCN⁻ / NCS⁻), chelating ligands; IUPAC naming rules of coordination complexes","35 IUPAC nomenclature problems for neutral, cationic, and anionic coordination complexes","35","Coordination Compounds: Werner Theory, Ligands & IUPAC Nomenclature","Principles of Inheritance and Variation: Chromosomal Disorders & Full Review","Aneuploidy (gain or loss of chromosome due to non-disjunction) vs Polyploidy (failure of cytokinesis in plants); Down syndrome (Trisomy of 21st chromosome, Langdon Down 1866, furrowed tongue, mental retardation); Klinefelter syndrome (XXY, 47 chromosomes, sterile male with gynaecomastia); Turner syndrome (45 XO, sterile female with rudimentary ovaries, webbed neck); Full chapter review","50 line-based NCERT MCQs on chromosomal disorders karyotypes and symptoms","50","Principles of Inheritance and Variation: Chromosomal Disorders & Full Review","120","36","P: 35 | C: 35 | B: 50 (incl. ~36 PYQs)","Magnetic susceptibility table for dia, para, ferro substances","Coordination IUPAC naming alphabetical order of ligands in Error Book","Down, Klinefelter, and Turner syndrome karyotypes review",""
"100","DAY 100","2","15","NO","","","","Electromagnetic Induction (EMI): Magnetic Flux & Faraday Laws of Induction","Magnetic flux Φ = B·A = BA cosθ; Faraday 1st and 2nd laws of electromagnetic induction: induced EMF ε = -dΦ/dt; Lenz law (direction of induced current opposes cause, conservation of energy); induced charge q = ΔΦ / R (independent of time)","35 numericals on induced EMF due to changing B, changing area, and rotating loop","35","Electromagnetic Induction (EMI): Magnetic Flux & Faraday Laws of Induction","Coordination Compounds: Isomerism (Structural & Stereoisomerism)","Structural isomerism: Ionization, Solvate/Hydrate, Linkage (ambidentate ligands), Coordination isomerism; Stereoisomerism: Geometrical isomerism (cis/trans, fac/mer in [Ma3b3]) and Optical isomerism (enantiomers, non-superimposable mirror images in [M(AA)3] and cis-[M(AA)2b2])","35 problems identifying geometrical and optical isomers in coordination complexes","35","Coordination Compounds: Isomerism (Structural & Stereoisomerism)","Molecular Basis of Inheritance: Structure of Polynucleotide Chain & DNA Double Helix","Nucleotide composition (nitrogenous base, pentose sugar, phosphate group); 5' to 3' polarity; Watson & Crick double helix model (1953 based on Rosalind Franklin X-ray diffraction): antiparallel strands, pitch = 3.4 nm, 10 base pairs per turn, distance between base pairs = 0.34 nm; Chargaff equivalence rule (A=T, G=C, A+G = C+T)","50 line-based NCERT MCQs on DNA double helix dimensions and Chargaff calculations","50","Molecular Basis of Inheritance: Structure of Polynucleotide Chain & DNA Double Helix","120","36","P: 35 | C: 35 | B: 50 (incl. ~36 PYQs)","Lenz law minus sign in Faraday equation ε = -N dΦ/dt","Linkage isomerism requirement (presence of ambidentate ligand) in Error Book","DNA double helix structure and chemical bond types diagram",""
"101","DAY 101","2","15","NO","","","","Electromagnetic Induction: Motional EMF & Eddy Currents","Motional EMF of rod moving perpendicular to B field ε = Bvl; rotating rod about one end ε = ½BωL²; closed circuit power dissipation P = B²l²v² / R; Eddy currents (Foucault currents), damping, induction furnace, electromagnetic braking","35 numericals on moving conductors on parallel rails and rotating rods","35","Electromagnetic Induction: Motional EMF & Eddy Currents","Coordination Compounds: Valence Bond Theory (VBT) & Crystal Field Theory (CFT)","VBT: inner orbital (d²sp³, low spin) vs outer orbital (sp³d², high spin) complexes; CFT: crystal field splitting in octahedral complexes (t2g lower energy, eg higher energy, splitting energy Δo), spectrochemical series of ligands; pairing energy P; tetrahedral splitting (Δt = 4/9 Δo)","35 problems predicting hybridization, geometry, and magnetic moments from CFT","35","Coordination Compounds: Valence Bond Theory (VBT) & Crystal Field Theory (CFT)","Molecular Basis of Inheritance: Packaging of DNA Helix & Search for Genetic Material","DNA packaging in eukaryotes: nucleosome model (octamer of basic histone proteins H2A, H2B, H3, H4 with 200 bp of DNA, H1 histone sealing; 10 nm fiber); euchromatin (lightly packed, transcriptionally active) vs heterochromatin (densely packed, inactive); Transforming principle: Griffith experiment with Streptococcus pneumoniae (S and R strains); Avery, MacLeod, McCarty biochemical characterization of transforming principle (DNase destroys transformation)","50 line-based NCERT MCQs on nucleosome structure and Griffith experiment","50","Molecular Basis of Inheritance: Packaging of DNA Helix & Search for Genetic Material","120","36","P: 35 | C: 35 | B: 50 (incl. ~36 PYQs)","Rotating rod induced EMF formula ε = ½ B ω L²","Crystal field splitting t2g and eg orbital labels for octahedral vs tetrahedral in Error Book","Nucleosome octamer core diagram review",""
"102","DAY 102","2","15","NO","","","","Electromagnetic Induction: Self-Induction, Mutual Induction & AC Generator","Self-inductance L = NΦ / I, induced EMF ε = -L (dI/dt); self-inductance of long solenoid L = μ₀ N² A / l; energy stored in inductor U = ½ L I²; mutual inductance M = μ₀ N1 N2 A / l; AC generator principle, peak EMF ε₀ = NBAω","35 numericals on inductor energy and mutual inductance coefficients","35","Electromagnetic Induction: Self-Induction, Mutual Induction & AC Generator","Coordination Compounds: Color, Magnetic Properties & Stability","Origin of color in coordination complexes due to d-d absorption (e.g., [Ti(H2O)6]³⁺ purple); stability of coordination complexes (stepwise and overall stability constants β4); chelate effect enhances stability; applications in medicine (cisplatin anti-cancer, EDTA in lead poisoning)","35 MCQs on coordination complex colors, stability, and applications","35","Coordination Compounds: Color, Magnetic Properties & Stability","Molecular Basis of Inheritance: Hershey-Chase Experiment & RNA World","Hershey & Chase experiment (1952) with bacteriophage T2 and E. coli using radioactive ³⁵S (protein coat) and ³²P (DNA): confirmed DNA is the genetic material; Criteria for genetic material (replication, chemical stability, mutability, Mendelian expression); why DNA is more stable than RNA (2'-OH absent in DNA, thymine instead of uracil); RNA world hypothesis (RNA as first genetic material and catalyst: ribozymes)","50 line-based NCERT MCQs on Hershey-Chase centrifugation steps and DNA vs RNA stability","50","Molecular Basis of Inheritance: Hershey-Chase Experiment & RNA World","120","36","P: 35 | C: 35 | B: 50 (incl. ~36 PYQs)","Inductor energy formula U = ½ L I² analogous to capacitor ½ C V²","Cis-platin anti-cancer drug formula in Error Book","Hershey-Chase blender experiment stages diagram",""
"103","DAY 103","2","15","NO","","","","Alternating Current: AC Voltage Across Resistor, Inductor & Capacitor","Peak vs RMS values (I_rms = I₀/√2 ≈ 0.707 I₀, V_rms = V₀/√2); AC through pure R (current in phase with V); AC through pure L (voltage leads current by π/2, inductive reactance X_L = ωL); AC through pure C (current leads voltage by π/2, capacitive reactance X_C = 1/ωC)","35 numericals on reactance and phase relationships in AC components","35","Alternating Current: AC Voltage Across Resistor, Inductor & Capacitor","Haloalkanes and Haloarenes: Classification, Nomenclature & C-X Bond Nature","Classification of haloalkanes (1°, 2°, 3°) and haloarenes; allylic, benzylic, vinylic, aryl halides; polarity of C-X bond (dipole moments C-Cl > C-F > C-Br > C-I); preparation from alcohols (SOCl2 Darzens method best yield, Lucas reagent HCl/ZnCl2)","35 problems on classifying halides and naming haloalkanes/haloarenes","35","Haloalkanes and Haloarenes: Classification, Nomenclature & C-X Bond Nature","Molecular Basis of Inheritance: Semi-Conservative DNA Replication (Meselson & Stahl)","Meselson & Stahl experiment (1958) using ¹⁵N ammonium chloride and E. coli with CsCl density gradient centrifugation: proved semi-conservative DNA replication; Taylor experiment with Vicia faba using tritiated thymidine; Replication machinery: DNA-dependent DNA polymerase (high speed and fidelity, synthesizes 5' -> 3'), replication fork, helicase, topoisomerase/gyrase, RNA primer, continuous leading strand vs discontinuous lagging strand (Okazaki fragments joined by DNA ligase)","50 line-based NCERT MCQs on Meselson-Stahl density bands and replication fork enzymes","50","Molecular Basis of Inheritance: Semi-Conservative DNA Replication (Meselson & Stahl)","120","36","P: 35 | C: 35 | B: 50 (incl. ~36 PYQs)","Phase lead/lag mnemonic: CIVIL (Capacitor: I leads V; V leads I in Inductor)","Lucas test reactivity of alcohols (3° immediate turbidity > 2° > 1°) in Error Book","Replication fork leading and lagging strand diagram review",""
"104","DAY 104","2","15","NO","","","","Alternating Current: Series LCR Circuit & Impedance","Phasor diagram of series LCR circuit, impedance Z = √[R² + (X_L - X_C)²], phase angle tanφ = (X_L - X_C)/R; power in AC circuit P_avg = V_rms I_rms cosφ where cosφ = R/Z is power factor; wattless current (when φ = π/2, cosφ = 0 in pure L or C)","35 numericals on calculating impedance, current, voltage drops, and power factor in LCR circuits","35","Alternating Current: Series LCR Circuit & Impedance","Haloalkanes: Nucleophilic Substitution Mechanisms (SN1 vs SN2)","SN2 mechanism: bimolecular, 1-step, backside attack, transition state, Walden inversion, reactivity order (1° > 2° > 3° > aryl/vinyl, steric hindrance); SN1 mechanism: unimolecular, 2-step via planar carbocation intermediate, racemization with partial inversion, reactivity order (3° > 2° > 1°, carbocation stability)","35 problems predicting SN1 vs SN2 mechanisms and stereochemical outcomes","35","Haloalkanes: Nucleophilic Substitution Mechanisms (SN1 vs SN2)","Molecular Basis of Inheritance: Transcription in Prokaryotes & Eukaryotes","Transcription unit: Promoter, Structural gene, Terminator; template strand (3'->5') vs coding strand (5'->3'); RNA polymerase enzyme; Prokaryotic transcription (single RNA polymerase, initiation factor σ sigma, termination factor ρ rho, coupled transcription-translation); Eukaryotic transcription: RNA Pol I (rRNA), RNA Pol II (hnRNA/mRNA precursor), RNA Pol III (tRNA, 5S rRNA, snRNA); post-transcriptional processing: Capping (7-methylguanosine triphosphate at 5' end), Tailing (poly-A tail 200-300 residues at 3' end), Splicing (introns removed by spliceosome, exons spliced together)","50 line-based NCERT MCQs on coding vs template strand and eukaryotic RNA processing","50","Molecular Basis of Inheritance: Transcription in Prokaryotes & Eukaryotes","120","36","P: 35 | C: 35 | B: 50 (incl. ~36 PYQs)","Power factor cosφ = R/Z value limits (0 to 1)","SN1 vs SN2 stereochemical consequences (racemization vs inversion) in Error Book","Transcription unit diagram and post-transcriptional capping/splicing review",""
"105","DAY 105","2","15","NO","","","","Alternating Current: Resonance in LCR Circuits & Quality Factor (Q)","Resonance condition X_L = X_C, resonant angular frequency ω₀ = 1/√(LC), resonant frequency f₀ = 1/(2π√LC); impedance is minimum (Z = R) and current is maximum (I₀ = V₀/R); sharpness of resonance, Quality factor Q = ω₀L/R = 1/R √(L/C) = ω₀ / 2Δω (bandwidth)","35 numericals on resonant frequency, bandwidth, and Q factor in radio tuning","35","Alternating Current: Resonance in LCR Circuits & Quality Factor (Q)","Haloalkanes & Haloarenes: Elimination Reactions & Electrophilic Substitution","Elimination reactions: β-elimination, Saytzeff rule (more substituted alkene is major product); Haloarenes low reactivity towards nucleophilic substitution (resonance, sp² hybridization of C-Cl, instability of phenyl cation); Electrophilic substitution in chlorobenzene (halogen is o,p-directing but deactivating due to -I > +M)","35 problems on dehydrohalogenation products and haloarene reactions","35","Haloalkanes & Haloarenes: Elimination Reactions & Electrophilic Substitution","Molecular Basis of Inheritance: The Genetic Code & tRNA Adaptor Molecule","George Gamow triplet code; Marshall Nirenberg, Khorana, Severo Ochoa enzyme; 64 codons: 61 sense codons, 3 stop/nonsense codons (UAA, UAG, UGA); initiation codon AUG (codes for Methionine); Code characteristics: triplet, universal, degenerate, unambiguous/specific, comma-less; tRNA structure: cloverleaf 2D model (anticodon loop complementary to codon, amino acid acceptor end CCA at 3' end), inverted L-shaped 3D model","50 line-based NCERT MCQs on genetic code features and tRNA structure","50","Molecular Basis of Inheritance: The Genetic Code & tRNA Adaptor Molecule","120","36","P: 35 | C: 35 | B: 50 (incl. ~36 PYQs)","Resonant circuit Q-factor formula Q = 1/R √(L/C)","Why chlorobenzene resists nucleophilic substitution in Error Book","Genetic code table and tRNA cloverleaf model diagrams review",""
"106","DAY 106","2","16","NO","","","","Alternating Current: Transformers & AC PYQs","Transformer principle (mutual induction), step-up vs step-down transformer; turns ratio Ns/Np = Vs/Vp = Ip/Is; efficiency η = P_out / P_in; energy losses in transformers (copper loss I²R, eddy current loss, hysteresis loss, magnetic flux leakage); 10-year NEET AC PYQs","40 timed AC and transformer PYQs under 45 minutes","40","Alternating Current: Transformers & AC PYQs","Alcohols, Phenols and Ethers: Classification, Nomenclature & Preparation of Alcohols","Classification (1°, 2°, 3°); preparation of alcohols: (1) hydration of alkenes (acid-catalyzed Markovnikov, hydroboration-oxidation gives anti-Markovnikov syn-addition alcohol, oxymercuration-demercuration), (2) reduction of aldehydes/ketones/carboxylic acids (NaBH4, LiAlH4), (3) Grignard reagent reaction with carbonyls","35 problems on alcohol preparation reactions and Grignard conversions","35","Alcohols, Phenols and Ethers: Classification, Nomenclature & Preparation of Alcohols","Molecular Basis of Inheritance: Translation (Protein Synthesis)","Stages: (1) Activation and charging of tRNA (aminoacylation using ATP), (2) Initiation (small ribosomal subunit binds mRNA at AUG, initiator tRNA binds P site), (3) Elongation (peptide bond formation catalyzed by peptidyl transferase 23S rRNA in bacteria ribozyme, translocation), (4) Termination (release factor binds stop codon); polyribosome/polysome","50 line-based NCERT MCQs on translation steps and peptidyl transferase","50","Molecular Basis of Inheritance: Translation (Protein Synthesis)","125","38","P: 40 | C: 35 | B: 50 (incl. ~38 PYQs)","Transformer step-up increases voltage while decreasing current","Hydroboration-oxidation gives anti-Markovnikov alcohol without rearrangement in Error Book","Translation elongation cycle and ribosome P and A site diagram",""
"107","DAY 107","2","16","YES","","","","Electromagnetic Waves: Displacement Current & EM Spectrum","Displacement current I_d = ε₀ (dΦ_E / dt), Maxwell-Ampere law; EM wave transverse nature (E and B perpendicular to each other and propagation direction); speed of EM wave c = 1/√(μ₀ε₀) = E₀/B₀; EM spectrum order: Radio, Micro, Infrared, Visible, Ultraviolet, X-rays, Gamma rays (wavelength and frequency ranges, applications)","35 MCQs on EM spectrum frequencies, wavelength order, and displacement current","35","Electromagnetic Waves: Displacement Current & EM Spectrum","Alcohols and Phenols: Physical Properties & Chemical Reactions","Boiling points (H-bonding: alcohol > ether > alkane); acidity of alcohols (1° > 2° > 3°, alkoxide formation); esterification; oxidation with PCC (to aldehyde) vs Jones reagent/KMnO4 (to carboxylic acid); Lucas test; Phenol preparation from cumene (cumene hydroperoxide process)","35 problems on alcohol oxidation products and cumene to phenol synthesis","35","Alcohols and Phenols: Physical Properties & Chemical Reactions","Molecular Basis of Inheritance: Regulation of Gene Expression (Lac Operon)","Jacob and Monod model of Lac Operon in E. coli; components: regulatory gene i (constitutively expresses repressor protein), promoter (p), operator (o), structural genes z (β-galactosidase hydrolyzes lactose to glucose + galactose), y (permease increases lactose permeability), a (transacetylase); inducer is lactose/allolactose (binds repressor, inactivates it, allows transcription); negative and inducible regulation","50 line-based NCERT MCQs on Lac operon structural genes and repressor kinetics","50","Molecular Basis of Inheritance: Regulation of Gene Expression (Lac Operon)","120","36","P: 35 | C: 35 | B: 50 (incl. ~36 PYQs)","Week 15 Cumulative Revision: 720-minute rapid review across all Week 15 topics","Audit Week 15 Error Book: EM spectrum order mnemonic (Radio Micro IR Visible UV X Gamma) check","Lac Operon on/off state diagrams review","MILESTONE TEST 13: Class 12 Week 3 Review (AC, EM Waves, Haloalkanes, Alcohols, Molecular Genetics I)"
"108","DAY 108","2","16","NO","","","","Ray Optics: Reflection at Spherical Mirrors & Mirror Formula","Laws of reflection, focal length f = R/2; Mirror formula 1/f = 1/v + 1/u; linear magnification m = -v/u = f / (f - u); sign convention (Cartesian); image formation by concave and convex mirrors","35 numericals on mirror formula, image position, size, nature for various object distances","35","Ray Optics: Reflection at Spherical Mirrors & Mirror Formula","Phenols: Acidity & Electrophilic Aromatic Substitution Reactions","Acidity of phenol (phenoxide ion resonance stabilization, comparison with alcohols and carboxylic acids; effect of electron withdrawing -NO2 groups vs electron donating groups); Reactions: Kolbe reaction (sodium phenoxide + CO2 -> salicylic acid), Reimer-Tiemann reaction (phenol + CHCl3/NaOH -> salicylaldehyde, dichlorocarbene intermediate), reaction with zinc dust to benzene, oxidation to benzoquinone","35 problems on phenol acidity rankings, Kolbe, and Reimer-Tiemann mechanisms","35","Phenols: Acidity & Electrophilic Aromatic Substitution Reactions","Molecular Basis of Inheritance: Human Genome Project (HGP) & DNA Fingerprinting","HGP: mega project (1990-2003), goals, methodologies: ESTs (Expressed Sequence Tags) vs Sequence Annotation; Automated DNA sequencer based on Sanger method; Key findings (3.1647 billion bp, average gene 3000 bases, dystrophin largest gene 2.4 million bases, < 2% codes for proteins, chromosome 1 has most genes 2968, Y chromosome has fewest 231); DNA Fingerprinting (Alec Jeffreys): VNTRs (Variable Number Tandem Repeats, minisatellites), Southern blotting, probe hybridization, applications in forensics and paternity testing","50 line-based NCERT MCQs on HGP salient features and DNA fingerprinting steps","50","Molecular Basis of Inheritance: Human Genome Project (HGP) & DNA Fingerprinting","120","36","P: 35 | C: 35 | B: 50 (incl. ~36 PYQs)","Mirror magnification sign (negative = real inverted, positive = virtual erect)","Reimer-Tiemann reaction electrophile (:CCl2 dichlorocarbene) in Error Book","DNA fingerprinting autoradiogram interpretation review",""
"109","DAY 109","2","16","NO","","","","Ray Optics: Refraction at Plane Surfaces, Snell Law & Total Internal Reflection (TIR)","Snell law n1 sinθ1 = n2 sinθ2; apparent depth h' = h / n; Total Internal Reflection conditions: ray travels from denser to rarer medium and angle of incidence i > critical angle C (sin C = 1/n); applications: mirage, optical fibers (core high n, cladding low n), totally reflecting prisms, diamond brilliance","35 numericals on apparent depth, shift in glass slab, critical angle and optical fibers","35","Ray Optics: Refraction at Plane Surfaces, Snell Law & Total Internal Reflection (TIR)","Ethers: Preparation (Williamson Synthesis) & Cleavage with HX","Williamson ether synthesis (alkyl halide + sodium alkoxide, SN2 mechanism, best with 1° alkyl halide; 3° halide gives alkene elimination product); cleavage of ethers with excess HI: cold vs hot HI, asymmetrical ether cleavage (with 3° alkyl group, reaction goes via SN1 giving 3° iodide; otherwise 1° group gets iodide via SN2)","35 problems predicting ether cleavage products with HI","35","Ethers: Preparation (Williamson Synthesis) & Cleavage with HX","Evolution: Origin of Life & Evidences for Evolution","Big Bang theory, Miller-Urey experiment (1953: spark discharge in CH4, NH3, H2, H2O vapor producing amino acids alanine, glycine, aspartic acid); Evidences: Paleontological (fossils), Comparative anatomy: Homologous organs (divergent evolution, common ancestry: forelimbs of whale, bat, cheetah, human; Bougainvillea thorn & Cucurbita tendril) vs Analogous organs (convergent evolution: wings of butterfly and bird, eye of octopus and mammal, sweet potato root and potato stem); Industrial melanism (Biston betularia in England: natural selection)","50 line-based NCERT MCQs on homologous vs analogous organs and Miller experiment","50","Evolution: Origin of Life & Evidences for Evolution","120","36","P: 35 | C: 35 | B: 50 (incl. ~36 PYQs)","Critical angle formula sin C = 1/n_rel = n_rare / n_dense","Williamson ether synthesis limitation (3° alkyl halide yields elimination alkene) in Error Book","Miller-Urey experiment apparatus diagram and homology vs analogy table",""
"110","DAY 110","2","16","NO","","","","Ray Optics: Refraction Through Prisms","Prism formula: angle of deviation δ = i + e - A; at minimum deviation δm: i = e and r1 = r2 = A/2; refractive index of prism n = sin((A + δm)/2) / sin(A/2); thin prism deviation δ = (n - 1) A; dispersion of light, Cauchy formula, angular dispersion, dispersive power","35 numericals on prism formula, minimum deviation angle, critical angle at prism faces","35","Ray Optics: Refraction Through Prisms","Aldehydes, Ketones and Carboxylic Acids: Nomenclature & Preparation","Nomenclature; preparation of aldehydes and ketones: (1) oxidation of alcohols (PCC), (2) dehydrogenation of alcohols with hot Cu at 573 K, (3) ozonolysis of alkenes, (4) hydration of alkynes; Rosenmund reduction (RCOCl + H2/Pd-BaSO4 -> RCHO), Stephen reaction (RCN + SnCl2/HCl -> RCHO), Etard reaction (toluene + CrO2Cl2 -> benzaldehyde), Gattermann-Koch reaction","35 problems on named preparation reactions of aldehydes and ketones","35","Aldehydes, Ketones and Carboxylic Acids: Nomenclature & Preparation","Evolution: Adaptive Radiation, Biological Evolution & Theories","Adaptive radiation: evolution of different species from common ancestor radiating to different habitats (Darwin finches in Galapagos islands, Australian marsupials); Lamarckism (use and disuse of organs); Darwinism: natural selection, survival of the fittest, reproductive fitness; Hugo de Vries Mutation Theory (mutations are random and directionless, saltation: single-step large mutation)","50 line-based NCERT MCQs on Darwin finches and mutation theory","50","Evolution: Adaptive Radiation, Biological Evolution & Theories","120","36","P: 35 | C: 35 | B: 50 (incl. ~36 PYQs)","Prism minimum deviation condition (i = e and r = A/2)","Rosenmund reduction reagent (Pd/BaSO4 poisoned with sulfur/quinoline) in Error Book","Adaptive radiation diagrams of Darwin finches and Australian marsupials",""
"111","DAY 111","2","16","NO","","","","Ray Optics: Refraction at Spherical Surfaces & Lens Maker Formula","Refraction at single spherical surface: n2/v - n1/u = (n2 - n1)/R; Lens Maker Formula: 1/f = (n_rel - 1) [1/R1 - 1/R2]; thin lens formula: 1/f = 1/v - 1/u; linear magnification m = v/u; power of lens P = 1/f(m) in diopters; combination of thin lenses in contact: P_eq = P1 + P2, 1/f_eq = 1/f1 + 1/f2","35 numericals on lens maker formula, immersion of lens in water/liquid, silvering of lenses","35","Ray Optics: Refraction at Spherical Surfaces & Lens Maker Formula","Aldehydes and Ketones: Nucleophilic Addition Reactions Mechanism","Mechanism of nucleophilic addition to planar carbonyl carbon; reactivity order: formaldehyde > aliphatic aldehydes > ketones > aromatic aldehydes (steric hindrance and electronic +I effect); addition of: HCN (cyanohydrin), NaHSO3 (bisulfite crystalline adduct for purification), Grignard reagents, alcohols (hemiacetal, acetal, ketal)","35 problems on carbonyl reactivity order and nucleophilic addition products","35","Aldehydes and Ketones: Nucleophilic Addition Reactions Mechanism","Evolution: Hardy-Weinberg Principle & Human Evolution","Hardy-Weinberg equilibrium: allele frequencies in a population remain constant from generation to generation in absence of evolutionary influences; equation: p² + 2pq + q² = 1 (p + q = 1); factors affecting equilibrium: gene flow, genetic drift (Sewall Wright effect, founder effect, bottleneck effect), mutation, recombination, natural selection (stabilizing, directional, disruptive selection graphs); Human evolution: Dryopithecus -> Ramapithecus -> Australopithecus (taung baby, bipedal) -> Homo habilis (first human-like, 650-800 cc brain, did not eat meat) -> Homo erectus (1891 Java, 900 cc, ate meat) -> Neanderthal man (1400 cc, buried dead) -> Homo sapiens (cromagnon, cave paintings 18,000 years ago)","50 line-based NCERT MCQs on Hardy-Weinberg calculations and cranial capacities","50","Evolution: Hardy-Weinberg Principle & Human Evolution","120","36","P: 35 | C: 35 | B: 50 (incl. ~36 PYQs)","Focal length of convex lens immersed in liquid of higher refractive index becomes diverging","Carbonyl reactivity order (steric and inductive effects) in Error Book","Natural selection 3 graphs (stabilizing, directional, disruptive) and hominid cranial capacity table",""
"112","DAY 112","2","16","NO","","","","Ray Optics: Optical Instruments (Simple & Compound Microscope, Astronomical Telescope)","Simple microscope: magnification m = 1 + D/f (near point) and m = D/f (normal adjustment); Compound microscope: magnifying power m = (v₀/u₀) (1 + D/fe) ≈ (L/f₀)(D/fe); Astronomical telescope (refracting): normal adjustment m = f₀/fe, length of tube L = f₀ + fe; reflecting telescopes (Cassegrain advantages: no chromatic aberration, large aperture)","35 numericals on magnifying power and tube length of microscopes and telescopes","35","Ray Optics: Optical Instruments (Simple & Compound Microscope, Astronomical Telescope)","Aldehydes and Ketones: Addition-Elimination of Ammonia Derivatives & Oxidation","Reaction with ammonia derivatives (H2N-Z: hydroxylamine -> oxime, hydrazine -> hydrazone, 2,4-DNP Brady reagent -> orange-red precipitate for carbonyl test, semicarbazide -> semicarbazone); Oxidation: Tollens test (ammoniacal AgNO3 -> silver mirror, distinguishes aldehydes from ketones), Fehling test (Cu2O red precipitate, aliphatic aldehydes only); Haloform reaction (I2/NaOH -> yellow CHI3 iodoform test for CH3C=O and CH3CH(OH) groups)","35 problems on Brady test, Tollens, Fehling, and iodoform positive compounds","35","Aldehydes and Ketones: Addition-Elimination of Ammonia Derivatives & Oxidation","Human Health and Disease: Common Infectious Diseases in Humans","Bacterial diseases: Typhoid (Salmonella typhi, Widal test, intestinal perforation), Pneumonia (Streptococcus pneumoniae, Haemophilus influenzae, alveoli fluid filled); Viral diseases: Common cold (Rhino viruses, infects nose and respiratory tract but not lungs); Protozoan diseases: Malaria (Plasmodium vivax/falciparum: female Anopheles vector, sporozoites stored in salivary glands, asexual reproduction in liver/RBCs, hemozoin toxic granule causes chills and high fever, sexual stages gametocytes in human blood, fertilization in mosquito gut), Amoebiasis (Entamoeba histolytica, houseflies mechanical carriers); Helminthic: Ascariasis (Ascaris lumbricoides), Filariasis/Elephantiasis (Wuchereria bancrofti, Culex mosquito); Fungal: Ringworm (Microsporum, Trichophyton, Epidermophyton)","50 line-based NCERT MCQs on pathogen vectors, diagnostic tests, and Plasmodium cycle","50","Human Health and Disease: Common Infectious Diseases in Humans","120","36","P: 35 | C: 35 | B: 50 (incl. ~36 PYQs)","Telescope tube length in normal adjustment L = f₀ + fe","Iodoform test requirement (CH3C=O or CH3CH(OH) group) in Error Book","Plasmodium life cycle stages in human host vs mosquito vector diagram",""
"113","DAY 113","2","17","NO","","","","Wave Optics: Huygens Principle & Wavefronts","Wavefront definition (locus of points having same phase: spherical, cylindrical, plane); Huygens principle: each point on wavefront acts as secondary source sending wavelets with speed of wave; proof of laws of reflection and refraction using Huygens construction (sin i / sin r = v1/v2 = n2/n1)","35 conceptual and graphical problems on wavefront shapes after reflection/refraction through lenses and prisms","35","Wave Optics: Huygens Principle & Wavefronts","Aldehydes and Ketones: Reduction & Reactions Involving Alpha-Hydrogen","Reduction: to alcohols (NaBH4, LiAlH4), to hydrocarbons: Clemmensen reduction (Zn-Hg / conc. HCl for acid-stable carbonyls), Wolff-Kishner reduction (NH2NH2 / KOH / ethylene glycol for base-stable carbonyls); Aldol condensation (aldehydes/ketones with α-hydrogen + dil. NaOH -> β-hydroxyaldehyde -> α,β-unsaturated carbonyl); Cross-aldol condensation; Cannizzaro reaction (aldehydes without α-hydrogen + 50% conc. KOH -> disproportionation into alcohol + carboxylate salt)","35 problems predicting Aldol vs Cannizzaro products and Clemmensen/Wolff-Kishner conversions","35","Aldehydes and Ketones: Reduction & Reactions Involving Alpha-Hydrogen","Human Health and Disease: Immunity (Innate, Acquired & Immune System)","Innate immunity: Physical barriers (skin, mucus), Physiological (stomach acid, saliva lysozyme), Cellular (PMNL-neutrophils, monocytes, natural killer cells), Cytokine barriers (interferons protect non-infected cells from virus); Acquired immunity: pathogen-specific, memory; Humoral immunity (B-lymphocytes produce antibodies: IgG most abundant crosses placenta, IgA colostrum, IgM largest pentamer, IgE allergy); Cell-mediated immunity (CMI: T-lymphocytes, graft rejection, organ transplant matching HLA/MHC); Active vs Passive immunity; Vaccination & Immunization","50 line-based NCERT MCQs on antibody structure (H2L2) and graft rejection","50","Human Health and Disease: Immunity (Innate, Acquired & Immune System)","120","36","P: 35 | C: 35 | B: 50 (incl. ~36 PYQs)","Shape of plane wavefront passing through convex lens becomes converging spherical","Cannizzaro reaction condition (absence of alpha-hydrogens, e.g., HCHO, C6H5CHO) in Error Book","Antibody H2L2 molecule structure and barrier classifications review",""
"114","DAY 114","2","17","YES","","","","Wave Optics: Interference of Light & Young Double Slit Experiment (YDSE)","Coherent sources (constant phase difference); condition for constructive interference (path difference Δx = nλ, phase difference Δφ = 2nπ, I_max = (√I1 + √I2)²) and destructive interference (Δx = (2n-1)λ/2, I_min = (√I1 - √I2)²); YDSE fringe width formula β = λD/d; position of nth bright fringe (yn = nλD/d) and dark fringe","35 numericals on fringe width, fringe shift when thin mica sheet introduced in one path (Δy = (n-1)t D / d)","35","Wave Optics: Interference of Light & Young Double Slit Experiment (YDSE)","Carboxylic Acids: Nomenclature, Preparation & Physical Properties","Nomenclature; preparation: (1) oxidation of 1° alcohols/aldehydes (KMnO4), (2) hydrolysis of nitriles and amides, (3) Grignard reagent with dry ice (CO2), (4) hydrolysis of acyl halides and esters; physical properties: high boiling points due to intermolecular hydrogen bonding forming stable dimers even in vapor phase","35 problems on carboxylic acid preparations and physical property trends","35","Carboxylic Acids: Nomenclature, Preparation & Physical Properties","Human Health and Disease: Allergies, Autoimmunity, AIDS & Cancer","Allergies (IgE, mast cells release histamine and serotonin, antihistamines treatment); Autoimmunity (rheumatoid arthritis, immune system attacks self cells); AIDS (Acquired Immuno Deficiency Syndrome): HIV retrovirus (reverse transcriptase, envelope with glycoprotein, attack on macrophages HIV factory and helper T-cells CD4+, ELISA diagnostic test, transmission, NACO awareness); Cancer: benign vs malignant tumors (metastasis most feared property), contact inhibition lost, oncogenes, carcinogens, diagnosis (biopsy, MRI, CT), treatment (surgery, radiotherapy, chemotherapy, immunotherapy with α-interferon)","50 line-based NCERT MCQs on HIV replication cycle and cancer metastasis","50","Human Health and Disease: Allergies, Autoimmunity, AIDS & Cancer","120","36","P: 35 | C: 35 | B: 50 (incl. ~36 PYQs)","Week 16 Cumulative Revision: 720-minute rapid review across all Week 16 topics","Audit Week 16 Error Book: YDSE fringe width in medium β' = β/n check","HIV replication inside human macrophage and T-helper cell diagram review","MILESTONE TEST 14: Class 12 Week 4 Review (Ray Optics, Wave Optics, Aldehydes/Ketones, Immunity & AIDS)"
"115","DAY 115","2","17","NO","","","","Wave Optics: Diffraction of Light (Single Slit) & Polarization Basics","Diffraction at single slit of width a: central maximum angular half-width θ = λ/a, linear width on screen 2λD/a; secondary minima condition a sinθ = nλ; secondary maxima condition a sinθ = (2n+1)λ/2; intensity of secondary maxima decreases rapidly; resolving power basics","35 numericals on central maximum width and angular spread of diffraction patterns","35","Wave Optics: Diffraction of Light (Single Slit) & Polarization Basics","Carboxylic Acids: Acidity & Chemical Reactions","Acidity: resonance stabilization of carboxylate ion, pKa values; effect of substituents on acid strength (-I and -M groups increase acidity: CF3COOH > CCl3COOH > CHCl2COOH > CH2ClCOOH > HCOOH > CH3COOH; benzoic acid acidity vs substituted benzoic acids); Reactions: formation of anhydrides, esters, acid chlorides, amides; Hell-Volhard-Zelinsky (HVZ) reaction (RCH2COOH + X2/red P -> α-halo acid); Decarboxylation with sodalime (NaOH + CaO 3:1, alkane with one less C)","35 problems on carboxylic acid acidity rankings, HVZ, and decarboxylation reactions","35","Carboxylic Acids: Acidity & Chemical Reactions","Human Health and Disease: Drugs and Alcohol Abuse","Opioids (morphine extracted from latex of Papaver somniferum, heroin/smack diacetylmorphine, bind opioid receptors in CNS and gastrointestinal tract, depressant); Cannabinoids (Cannabis sativa, THC, hashish, charas, marijuana, ganja, cardiovascular system effects, bind cannabinoid receptors in brain); Coca alkaloids/Cocaine (Erythroxylum coca, interferes with dopamine transport, euphoria and hallucination at high doses); Hallucinogens (Atropa belladonna, Datura, LSD); Adolescence and addiction, withdrawal syndrome","50 line-based NCERT MCQs on plant sources of drugs and target receptors","50","Human Health and Disease: Drugs and Alcohol Abuse","120","36","P: 35 | C: 35 | B: 50 (incl. ~36 PYQs)","Central diffraction maximum linear width is 2λD/a (double the secondary fringe width)","HVZ reaction requirement (presence of alpha-hydrogen in carboxylic acid) in Error Book","Chemical structures of morphine, cannabinoid, and cocaine review",""
"116","DAY 116","2","17","NO","","","","Dual Nature of Radiation and Matter: Photoelectric Effect Laws & Einstein Equation","Photoelectric effect: threshold frequency ν₀, work function Φ₀ = hν₀; Einstein photoelectric equation: K_max = hν - Φ₀ = e V₀ where V₀ is stopping potential; laws of photoelectric effect: immediate emission (< 10⁻⁹ s), K_max independent of intensity but depends linearly on frequency, photoelectric current ∝ light intensity; Millikan verification (slope of V₀ vs ν graph = h/e)","35 numericals on threshold wavelength, stopping potential, and Einstein equation","35","Dual Nature of Radiation and Matter: Photoelectric Effect Laws & Einstein Equation","Amines: Classification, Nomenclature & Preparation Methods","Classification of amines (1°, 2°, 3°, quaternary ammonium salts); preparation: (1) reduction of nitro compounds (H2/Pd, Fe/HCl, Sn/HCl), (2) ammonolysis of alkyl halides (Hoffmann ammonolysis, mixture of amines), (3) reduction of nitriles (LiAlH4) and amides, (4) Gabriel phthalimide synthesis (pure 1° aliphatic amines, aromatic amines cannot be prepared), (5) Hoffmann bromamide degradation reaction (RCONH2 + Br2 + 4NaOH -> RNH2 with one less C atom)","35 problems on amine synthesis: Hoffmann bromamide degradation and Gabriel phthalimide","35","Amines: Classification, Nomenclature & Preparation Methods","Biotechnology: Principles and Processes — Tools of Recombinant DNA Technology","Core techniques: genetic engineering (recombinant DNA) + bioprocess engineering; Tools: (1) Restriction enzymes (molecular scissors: exonucleases vs endonucleases, Hind II first discovered, EcoRI recognition sequence 5'-GAATTC-3', sticky ends vs blunt ends), (2) DNA ligase (molecular glue), (3) Cloning vectors: plasmids (pBR322: ori origin of replication controls copy number, selectable markers ampR and tetR, rop codes for proteins involved in replication, insertional inactivation: β-galactosidase blue-white screening), (4) Competent host (divalent cation Ca2+ treatment, heat shock 42°C, microinjection in animals, gene gun/biolistics in plants)","50 line-based NCERT MCQs on restriction enzyme palindromes and pBR322 vector features","50","Biotechnology: Principles and Processes — Tools of Recombinant DNA Technology","120","36","P: 35 | C: 35 | B: 50 (incl. ~36 PYQs)","Slope of stopping potential vs frequency graph is h/e (universal constant)","Hoffmann bromamide reaction product has one less carbon atom than parent amide in Error Book","pBR322 plasmid map with restriction sites and selectable markers diagram",""
"117","DAY 117","2","17","NO","","","","Dual Nature of Radiation: de Broglie Relation & Davisson-Germer Experiment","de Broglie hypothesis λ = h/p = h/mv; de Broglie wavelength of accelerated electron: λ = h / √(2m e V) = 1.227 / √V nm; de Broglie wavelength of gas molecules λ = h / √(3m k_B T); Davisson-Germer experiment: nickel crystal electron diffraction, confirms wave nature of electrons (constructive interference peak at 54 V at 50° angle)","35 numericals on de Broglie wavelength of electrons, alpha particles, protons","35","Dual Nature of Radiation: de Broglie Relation & Davisson-Germer Experiment","Amines: Physical Properties & Basicity of Amines","Boiling points (1° > 2° > 3° due to intermolecular H-bonding); solubility in water; Basicity of amines in gas phase (3° > 2° > 1° > NH3 due to +I effect); Basicity in aqueous medium: combined effect of +I, steric hindrance, and hydration of conjugate cation: for methyl substituted amines (2° > 1° > 3° > NH3: 213 order), for ethyl substituted amines (2° > 3° > 1° > NH3: 231 order); basicity of aniline vs aliphatic amines (aniline weaker base due to resonance of lone pair into benzene ring)","35 problems ranking basicity of aliphatic and aromatic amines in aqueous medium","35","Amines: Physical Properties & Basicity of Amines","Biotechnology: Principles and Processes — Processes of rDNA Technology","Processes: (1) Isolation of DNA (cell lysis by lysozyme/chitinase/cellulase, RNase, protease, precipitation with chilled ethanol as spooling), (2) Cutting of DNA and Gel Electrophoresis (agarose gel, DNA fragments negatively charged migrate towards anode, smaller fragments move faster, stained with ethidium bromide orange bands under UV light, elution), (3) PCR (Polymerase Chain Reaction, Kary Mullis: 3 steps Denaturation 94°C, Annealing with primers ~54°C, Extension by Taq polymerase from Thermus aquaticus 72°C; 30 cycles amplify 1 billion times), (4) Bioreactors (stirred-tank vs sparged, optimal conditions), (5) Downstream processing","50 line-based NCERT MCQs on PCR temperatures, Taq polymerase, and gel electrophoresis","50","Biotechnology: Principles and Processes — Processes of rDNA Technology","120","36","P: 35 | C: 35 | B: 50 (incl. ~36 PYQs)","de Broglie wavelength of electron accelerated by V volts: λ = 12.27 / √V Å","Amine basicity in aqueous medium (Methyl: 213, Ethyl: 231) in Error Book","PCR 3-step cycle flowchart and agarose gel electrophoresis bands diagram",""
"118","DAY 118","2","17","NO","","","","Atoms: Rutherford Nuclear Model & Bohr Postulates for Hydrogen Atom","Alpha-particle scattering experiment (Geiger-Marsden, distance of closest approach r₀ = 2kZe² / K); Bohr postulates: stable orbits, quantization of angular momentum L = nh/2π, Bohr radius r_n = (0.529 n² / Z) Å; orbital velocity v_n = (2.18 × 10⁶ Z / n) m/s; total energy E_n = -13.6 Z² / n² eV; relation between KE, PE, and total energy (KE = -E, PE = 2E)","35 numericals on energy transitions, ionization energy, and Bohr radius ratios","35","Atoms: Rutherford Nuclear Model & Bohr Postulates for Hydrogen Atom","Amines: Chemical Reactions & Diazonium Salts","Carbylamine test / Isocyanide test (1° aliphatic and aromatic amines + CHCl3 + alc. KOH -> foul smelling isocyanide, test for 1° amines); Hinsberg test (benzenesulfonyl chloride distinguishes 1°, 2°, 3° amines: 1° soluble in alkali, 2° insoluble in alkali, 3° does not react); Diazotization of aniline (NaNO2 + HCl at 0-5°C -> benzene diazonium chloride); Reactions of diazonium salts: Sandmeyer reaction (CuCl/HCl, CuBr/HBr, CuCN/KCN), Gattermann reaction (Cu powder), replacement by -I, -F (Balz-Schiemann), -H (H3PO2 or ethanol), -OH (warm water), azo coupling reaction (dyes with phenol orange dye, with aniline yellow dye)","35 problems on Hinsberg test, carbylamine test, and Sandmeyer conversions","35","Amines: Chemical Reactions & Diazonium Salts","Biotechnology and its Applications: Applications in Agriculture","Genetically Modified Organisms (GMOs): Bt Cotton (Bacillus thuringiensis produces crystal cry proteins: CryIAc and CryIIAb control cotton bollworms, CryIAb controls corn borer; inactive protoxin converted to active toxin in alkaline gut of insect, binds midgut epithelial cells creating pores and cell lysis); RNA interference (RNAi: gene silencing in all eukaryotes, double-stranded dsRNA processed by Dicer, introduced in tobacco plants via Agrobacterium tumefaciens vector against nematode Meloidogyne incognita root-knot infection)","50 line-based NCERT MCQs on Bt toxin activation and RNAi mechanism","50","Biotechnology and its Applications: Applications in Agriculture","120","36","P: 35 | C: 35 | B: 50 (incl. ~36 PYQs)","Bohr hydrogen energy level transitions (En ∝ -Z²/n²)","Hinsberg reagent (benzenesulfonyl chloride) distinguishing 1°, 2°, 3° amines in Error Book","Bt toxin pore formation and RNAi gene silencing mechanism flowchart",""
"119","DAY 119","2","17","NO","","","","Atoms & Nuclei: Atomic Spectra, Nuclear Composition & Mass Defect","Hydrogen line spectrum: Rydberg formula 1/λ = R Z² (1/n1² - 1/n2²); Lyman (UV, n1=1), Balmer (visible, n1=2), Paschen (IR, n1=3), Brackett, Pfund; Nuclear composition: atomic number Z, mass number A, nuclear radius R = R₀ A^(1/3) (R₀ = 1.2 fm); nuclear density constant (~2.3 × 10¹⁷ kg/m³ independent of A); Mass defect Δm = [Z m_p + (A - Z) m_n] - M_nucleus; Binding Energy BE = Δm c² = Δm × 931.5 MeV","35 numericals on Rydberg wavelength, nuclear radius, and binding energy per nucleon","35","Atoms & Nuclei: Atomic Spectra, Nuclear Composition & Mass Defect","Biomolecules (Class 12): Carbohydrates & Glucose Structure","Classification of carbohydrates; Glucose: Fischer projection, cyclic Haworth structures (α-D-glucopyranose and β-D-glucopyranose anomers differing at C1); reactions of glucose confirming: 6-carbon straight chain (HI/red P gives n-hexane), carbonyl group (HCN, hydroxylamine), aldehyde group (bromine water gives gluconic acid), 5 -OH groups (acetic anhydride gives glucose pentaacetate), primary alcohol group (conc. HNO3 gives saccharic acid); why open chain cannot explain lack of Schiff test and mutarotation","35 problems on glucose chemical reactions and anomer structures","35","Biomolecules (Class 12): Carbohydrates & Glucose Structure","Biotechnology and its Applications: Applications in Medicine","Genetically engineered insulin (Humulin by Eli Lilly 1983: human proinsulin has A chain 21 aa, B chain 30 aa, and extra C peptide 33 aa; mature insulin lacks C peptide; produced separate A and B chains in E. coli joined by disulfide bonds); Gene therapy (first clinical gene therapy in 1990 on 4-year-old girl with ADA adenosine deaminase deficiency, retroviral vector introducing functional ADA cDNA into patient lymphocytes); Molecular diagnosis: PCR, ELISA, recombinant antigen probes; Transgenic animals (Rosie cow produces human protein-enriched milk with human alpha-lactalbumin 2.4 g/L); Ethical issues & GEAC (Genetic Engineering Appraisal Committee), biopiracy (Basmati rice patent)","50 line-based NCERT MCQs on Humulin Eli Lilly process and ADA gene therapy","50","Biotechnology and its Applications: Applications in Medicine","120","36","P: 35 | C: 35 | B: 50 (incl. ~36 PYQs)","Binding energy per nucleon curve peak around Iron-56 (8.75 MeV/nucleon)","Glucose reactions confirming open chain vs cyclic structure in Error Book","Proinsulin processing into mature insulin and ADA gene therapy steps diagrams",""
"120","DAY 120","2","18","YES","","","","Nuclei: Binding Energy Curve, Nuclear Fission, Fusion & Nuclear Force","Binding energy per nucleon (BE/A) curve: maximum for Fe-56, lower for lighter and heavier nuclei; conclusion: lighter nuclei undergo fusion and heavier nuclei undergo fission to attain stability; Nuclear forces: strong, short range (~1 fm), charge independent, saturation property, non-central; Nuclear fission (U-235 chain reaction, critical mass, moderator D2O/graphite, control rods cadmium/boron); Nuclear fusion (proton-proton cycle in sun: 4 ¹H -> ⁴He + 2e⁺ + 2ν + 26.7 MeV)","35 numericals on Q-value of nuclear reactions, fission energy calculations","35","Nuclei: Binding Energy Curve, Nuclear Fission, Fusion & Nuclear Force","Biomolecules (Class 12): Proteins, Nucleic Acids & Vitamins","Proteins: peptide linkage, fibrous (keratin, myosin) vs globular (insulin, albumin); denaturation of proteins (loss of 2° and 3° structure, 1° intact, e.g., boiling of egg, curdling of milk); Nucleic acids: composition of DNA and RNA; Vitamins: fat-soluble (A, D, E, K) vs water-soluble (B-complex, C); deficiencies (Vit A night blindness, Vit B1 beriberi, Vit B12 pernicious anemia, Vit C scurvy, Vit D rickets, Vit K bleeding diathesis)","35 MCQs on protein denaturation, nucleic acid bonds, and vitamin deficiency table","35","Biomolecules (Class 12): Proteins, Nucleic Acids & Vitamins","Organisms and Populations: Organisms and its Environment","Major abiotic factors: Temperature (eurythermal vs stenothermal), Water (euryhaline vs stenohaline), Light, Soil; Responses to abiotic factors: Regulate (homeostasis, endotherms mammals/birds), Conform (ectotherms 99% animals), Migrate (Keoladeo Ghana National Park in Bharatpur hosts Siberian cranes), Suspend (hibernation winter sleep bears, aestivation summer sleep snails/fish, diapause zooplankton); Adaptations: Allen rule (mammals in colder climates have shorter ears and limbs to minimize heat loss), blubber in seals, kangaroo rat water conservation in North American desert, physiological altitude sickness adaptations (RBC production increases, binding affinity decreases, breathing rate increases)","50 line-based NCERT MCQs on Allen rule, altitude sickness, and abiotic factor responses","50","Organisms and Populations: Organisms and its Environment","120","36","P: 35 | C: 35 | B: 50 (incl. ~36 PYQs)","Week 17 Cumulative Revision: 720-minute rapid review across all Week 17 topics","Audit Week 17 Error Book: Q-value sign convention (Q > 0 exothermic, Q < 0 endothermic) check","Allen rule and altitude sickness physiological adaptation parameters review","MILESTONE TEST 15: Class 12 Week 5 Review (Atoms, Nuclei, Amines, Biomolecules 12, Biotech Applications)"
"121","DAY 121","2","18","NO","","","","Semiconductor Electronics: Energy Bands, Intrinsic & Extrinsic Semiconductors","Energy band theory: valence band, conduction band, energy band gap Eg (insulator Eg > 3 eV, semiconductor Eg ~ 1 eV, conductor Eg ≈ 0); Intrinsic semiconductor (pure Si/Ge, n_e = n_h = n_i, electrical conduction); Extrinsic semiconductors (doping): n-type (pentavalent dopant P, As, Sb donor, n_e >> n_h), p-type (trivalent dopant B, Al, In acceptor, n_h >> n_e); mass action law n_e × n_h = n_i²","35 numericals on semiconductor carrier concentration and mass action law","35","Semiconductor Electronics: Energy Bands, Intrinsic & Extrinsic Semiconductors","Class 12 Organic Chemistry Complete Named Reactions Marathon","Rapid revision of all 25 named organic reactions of Class 12: Sandmeyer, Gattermann, Finkelstein, Swarts, Wurtz-Fittig, Fittig, Kolbe, Reimer-Tiemann, Williamson, Rosenmund, Stephen, Etard, Gattermann-Koch, Clemmensen, Wolff-Kishner, Tollens, Fehling, Haloform, Aldol, Cannizzaro, HVZ, Gabriel Phthalimide, Hoffmann Bromamide, Carbylamine, Diazotization","40 problems identifying reagents and products in named reaction sequences","40","Class 12 Organic Chemistry Complete Named Reactions Marathon","Organisms and Populations: Population Attributes & Population Growth Models","Population attributes: birth rate (natality), death rate (mortality), sex ratio, age pyramids (expanding triangle, stable bell, declining urn-shaped); Population density (N); Population growth models: (1) Exponential growth (unlimited resources, J-shaped curve, dN/dt = rN, N_t = N₀ e^(rt) where r is intrinsic rate of natural increase), (2) Logistic growth (Verhulst-Pearl logistic growth, limited resources, carrying capacity K, S-shaped sigmoid curve, dN/dt = rN [(K - N) / K], more realistic)","50 line-based NCERT MCQs on exponential vs logistic growth equations and age pyramids","50","Organisms and Populations: Population Attributes & Population Growth Models","125","38","P: 35 | C: 40 | B: 50 (incl. ~38 PYQs)","Mass action law in semiconductors: n_e × n_h = n_i²","All 25 Class 12 named reactions reagent chart verification in Error Book","Exponential vs logistic growth curves and age pyramid shapes review",""
"122","DAY 122","2","18","NO","","","","Semiconductor Electronics: p-n Junction Diode (Formation & V-I Characteristics)","p-n junction formation: diffusion current and drift current, barrier potential (0.7 V for Si, 0.3 V for Ge), depletion layer thickness (~1 μm); Forward biasing (p to +, n to -, depletion layer narrows, barrier decreases, low resistance, conduction starts after cut-in knee voltage); Reverse biasing (p to -, n to +, depletion layer widens, high resistance, tiny reverse saturation current due to minority carriers, reverse breakdown voltage)","35 numericals on dynamic resistance of diode r_d = ΔV/ΔI and circuit currents","35","Semiconductor Electronics: p-n Junction Diode (Formation & V-I Characteristics)","Class 12 Inorganic Chemistry Complete Trends & Coordination Marathon","Rapid revision of d and f-block properties, magnetic moments, KMnO4/K2Cr2O7 redox stoichiometry, Werner valencies, IUPAC nomenclature, CFT splitting, and isomerism in complexes","40 timed coordination and d-block MCQs","40","Class 12 Inorganic Chemistry Complete Trends & Coordination Marathon","Organisms and Populations: Population Interactions (Symbiosis to Parasitism)","Types of interactions: (1) Mutualism (+/+ lichens, mycorrhiza, fig and fig wasp obligatory, sexual deceit in Ophrys orchid), (2) Commensalism (+/0 orchid on mango branch, barnacles on whale, cattle egret and grazing cattle, sea anemone and clown fish), (3) Predation (+/- biological control, prudency of predators, prey defenses: camouflage, Monarch butterfly poisonous cardiac glycosides, Calotropis cardiac glycosides), (4) Parasitism (+/- ectoparasites lice/ticks, endoparasites liver fluke, brood parasitism cuckoo/koel and crow), (5) Competition (-/- Gause competitive exclusion principle: two species competing for same limiting resource cannot coexist; Connell field experiments with barnacles Chthamalus and Balanus; Resource partitioning MacArthur warblers), (6) Amensalism (-/0 Penicillium and bacteria)","50 line-based NCERT MCQs on population interaction symbols and biological examples","50","Organisms and Populations: Population Interactions (Symbiosis to Parasitism)","125","38","P: 35 | C: 40 | B: 50 (incl. ~38 PYQs)","Diode dynamic resistance formula r_d = ΔV / ΔI","Gause competitive exclusion principle vs MacArthur resource partitioning in Error Book","Population interactions summary table 13.1 review",""
"123","DAY 123","2","18","NO","","","","Semiconductor Electronics: Diodes as Rectifiers (Half-Wave & Full-Wave)","Half-wave rectifier: single diode, output frequency = input frequency (f_out = f_in), efficiency max 40.6%; Full-wave rectifier (center-tapped and bridge): two diodes conducting in alternate half-cycles, output frequency = double input frequency (f_out = 2 f_in), efficiency max 81.2%; Filter circuits (capacitor filter in parallel, inductor filter in series smooths ripple)","35 numericals on rectifier output frequencies, ripple factor, and peak inverse voltage (PIV)","35","Semiconductor Electronics: Diodes as Rectifiers (Half-Wave & Full-Wave)","Class 12 Physical Chemistry Complete Formula Marathon (Solutions, Electro, Kinetics)","Rapid revision of all numerical formulas: Raoult law, colligative properties, van't Hoff factor, Nernst equation, Gibbs energy, Kohlrausch law, integrated rate equations, half-life, Arrhenius equation","40 timed physical chemistry numericals","40","Class 12 Physical Chemistry Complete Formula Marathon (Solutions, Electro, Kinetics)","Ecosystem: Ecosystem Structure, Productivity & Decomposition","Ecosystem components: abiotic + biotic (producers, consumers, decomposers); Stratification (vertical distribution of species); Primary productivity: Gross Primary Productivity (GPP) vs Net Primary Productivity (NPP = GPP - R where R is respiratory loss); Secondary productivity; Decomposition process: (1) Fragmentation (earthworm), (2) Leaching (water-soluble nutrients sink to soil horizon), (3) Catabolism (bacterial and fungal enzymes), (4) Humification (dark amorphous humus, resistant to microbes), (5) Mineralization (release of inorganic nutrients); factors affecting decomposition (warm and moist favors, rich in lignin/chitin slows down)","50 line-based NCERT MCQs on GPP/NPP calculations and decomposition stages","50","Ecosystem: Ecosystem Structure, Productivity & Decomposition","125","38","P: 35 | C: 40 | B: 50 (incl. ~38 PYQs)","Full-wave rectifier output frequency f_out = 2 f_in","NPP = GPP - R relationship and decomposition rate factors in Error Book","Decomposition cycle flowchart and primary productivity values table",""
"124","DAY 124","2","18","NO","","","","Semiconductor Electronics: Special Purpose Diodes & Logic Gates (AND, OR, NOT, NAND, NOR)","Zener diode: heavily doped, thin depletion layer, operates in reverse breakdown, Zener voltage Vz constant, used as voltage regulator; Photodiode (reverse bias, detects light); LED (forward bias, emits light, GaAsP); Solar cell (no bias, generates EMF); Logic gates: basic gates (AND: Y=A·B, OR: Y=A+B, NOT: Y=Ā); Universal gates (NAND, NOR); truth tables and De Morgan laws","35 problems on Zener voltage regulator calculations and logic gate truth tables","35","Semiconductor Electronics: Special Purpose Diodes & Logic Gates (AND, OR, NOT, NAND, NOR)","Class 12 Organic Conversions & Synthesis Master Drill","Multi-step organic synthesis problems connecting Haloalkanes -> Alcohols -> Aldehydes -> Carboxylic acids -> Amines","35 multi-step organic conversion problems","35","Class 12 Organic Conversions & Synthesis Master Drill","Ecosystem: Energy Flow, Ecological Pyramids & Ecological Succession","Energy flow: unidirectional, 10% law of energy transfer (Lindeman 1942: only 10% energy transferred to next trophic level); Food chains: Grazing food chain (GFC) vs Detritus food chain (DFC); Ecological pyramids: Pyramid of number (mostly upright, inverted in tree ecosystem with parasites), Pyramid of biomass (mostly upright, inverted in aquatic sea ecosystem phytoplankton < zooplankton), Pyramid of energy ALWAYS upright (thermodynamic law); Ecological succession: Primary succession (bare rock, newly formed lava) vs Secondary succession (faster, abandoned farmland); Hydrarch (phytoplankton -> submerged -> reed-swamp -> marsh-meadow -> scrub -> forest) vs Xerarch succession (lichens pioneer -> mosses -> annual herbs -> perennial -> shrubs -> forest climax)","50 line-based NCERT MCQs on 10% law and inverted pyramids in sea","50","Ecosystem: Energy Flow, Ecological Pyramids & Ecological Succession","120","36","P: 35 | C: 35 | B: 50 (incl. ~36 PYQs)","Zener diode series resistor calculation Rs = (Vin - Vz) / (IL + Iz)","Pyramid of energy is NEVER inverted justification in Error Book","Ecological pyramids diagrams (upright vs inverted biomass) review",""
"125","DAY 125","2","18","NO","","","","Class 12 Physics Full Syllabus Mock Test 1 (45 Questions, Timed 45 min)","Full-length Class 12 Physics simulation covering all 14 chapters (Electrostatics to Semiconductors) under strict NEET exam timing","45 questions timed mock test under 45 minutes","45","Class 12 Physics Full Syllabus Mock Test 1 (45 Questions, Timed 45 min)","Class 12 Chemistry Full Syllabus Mock Test 1 (45 Questions, Timed 45 min)","Full-length Class 12 Chemistry simulation covering all 10 chapters (Solutions to Biomolecules) under strict NEET exam timing","45 questions timed mock test under 45 minutes","45","Class 12 Chemistry Full Syllabus Mock Test 1 (45 Questions, Timed 45 min)","Biodiversity and its Conservation: Levels of Biodiversity & Patterns of Biodiversity","Levels: Genetic diversity (Rauwolfia vomitoria reserpine concentration, 50,000 strains of rice, 1,000 varieties of mango in India), Species diversity (Western Ghats amphibians > Eastern Ghats), Ecological diversity (India deserts, rainforests, coral reefs > Scandinavia); Global species estimates: Robert May estimate ~7 million species (insects 70% of animal species, fungi species > fish+amphibians+reptiles+mammals combined); Patterns: Latitudinal gradients (biodiversity decreases from equator to poles; Amazon rainforest greatest biodiversity ""lungs of the planet""); Species-Area relationship: Alexander von Humboldt (log S = log C + z log A, rectangular hyperbola, z = 0.1 to 0.2 for local, z = 0.6 to 1.2 for continents e.g. frugivorous birds)","50 line-based NCERT MCQs on Robert May estimates and Humboldt species-area equation","50","Biodiversity and its Conservation: Levels of Biodiversity & Patterns of Biodiversity","140","42","P: 45 | C: 45 | B: 50 (incl. ~42 PYQs)","Full audit of Class 12 Physics Mock 1 test errors","Audit of Class 12 Chemistry Mock 1 test errors in Error Book","Global biodiversity pie charts (Invertebrates, Vertebrates, Plants) review",""
"126","DAY 126","2","18","NO","","","","Class 12 Physics Full Syllabus Mock Test 2 (45 Questions, Timed 45 min)","Second full-length Class 12 Physics simulation with focus on Optics, Electrodynamics, and Modern Physics numericals","45 questions timed mock test under 45 minutes","45","Class 12 Physics Full Syllabus Mock Test 2 (45 Questions, Timed 45 min)","Class 12 Chemistry Full Syllabus Mock Test 2 (45 Questions, Timed 45 min)","Second full-length Class 12 Chemistry simulation with focus on Physical Chemistry calculations and Organic Mechanisms","45 questions timed mock test under 45 minutes","45","Class 12 Chemistry Full Syllabus Mock Test 2 (45 Questions, Timed 45 min)","Biodiversity and its Conservation: Biodiversity Loss & Conservation Strategies","Loss of biodiversity: Evil Quartet (1) Habitat loss and fragmentation most important cause, (2) Over-exploitation e.g., Steller sea cow, passenger pigeon, (3) Alien species invasions e.g., Nile perch introduced in Lake Victoria wiped out cichlid fish, water hyacinth Eichhornia, Parthenium/carrot grass, African catfish Clarias gariepinus, (4) Co-extinctions; Conservation strategies: In-situ (on-site: 14 Biosphere reserves, 90 National parks, 448 Wildlife sanctuaries in India, 34 Global biodiversity hotspots including Western Ghats-Sri Lanka, Indo-Burma, Himalayas; Sacred groves in Khasi/Jaintia hills Meghalaya, Aravalli hills Rajasthan); Ex-situ (off-site: Zoological parks, Botanical gardens, Wildlife safari parks, Cryopreservation of gametes at -196°C, seed banks); Earth Summit (Rio de Janeiro 1992) & World Summit (Johannesburg 2002)","50 line-based NCERT MCQs on Evil Quartet and In-situ vs Ex-situ conservation examples","50","Biodiversity and its Conservation: Biodiversity Loss & Conservation Strategies","140","42","P: 45 | C: 45 | B: 50 (incl. ~42 PYQs)","Full audit of Class 12 Physics Mock 2 test errors","Audit of Class 12 Chemistry Mock 2 test errors in Error Book","In-situ vs Ex-situ conservation comparative table and Sacred groves list",""
"127","DAY 127","2","19","NO","","","","Class 12 Physics Error-Book Blitz: Re-solving All Missed Questions (Days 81–126)","Thorough re-solving of every single question marked in the Error Book from Class 12 Physics across all electrodynamics, optics, and modern physics units","40 targeted error-book numericals solved with full steps","40","Class 12 Physics Error-Book Blitz: Re-solving All Missed Questions (Days 81–126)","Class 12 Chemistry Error-Book Blitz: Re-solving All Missed Questions (Days 81–126)","Thorough re-solving of every single question marked in the Error Book from Class 12 Chemistry (Solutions, Kinetics, Coordination, Organic named reactions)","40 targeted error-book chemistry problems solved with full steps","40","Class 12 Chemistry Error-Book Blitz: Re-solving All Missed Questions (Days 81–126)","Class 12 Biology Full Syllabus Mock Test 1 (90 Questions, Timed 45 min)","Full-length Class 12 Biology simulation covering all 13 chapters (Reproduction, Genetics, Evolution, Human Health, Biotech, Ecology) with strict negative marking","90 questions timed mock test under 45 minutes","90","Class 12 Biology Full Syllabus Mock Test 1 (90 Questions, Timed 45 min)","170","51","P: 40 | C: 40 | B: 90 (incl. ~51 PYQs)","Error-book physics numerical re-checks","Error-book chemistry reaction and formula re-checks in Error Book","Audit of Class 12 Biology Mock 1 test errors",""
"128","DAY 128","2","19","NO","","","","Class 12 Physics High-Yield Formula Memorization Sheet Verification","Verbatim writing and derivation checking of all 180+ master formulas of Class 12 Physics without viewing notes","40 speed calculation problems testing formula recall","40","Class 12 Physics High-Yield Formula Memorization Sheet Verification","Class 12 Chemistry High-Yield Formula & Named Reactions Verification","Verbatim writing of all physical formulas, coordination nomenclature rules, and 25 organic named reactions of Class 12","40 speed reaction and trend problems testing recall","40","Class 12 Chemistry High-Yield Formula & Named Reactions Verification","Class 12 Biology Full Syllabus Mock Test 2 (90 Questions, Timed 45 min)","Second full-length Class 12 Biology simulation with focus on Genetics pedigree problems, Biotechnology enzymes, and Ecology graphs","90 questions timed mock test under 45 minutes","90","Class 12 Biology Full Syllabus Mock Test 2 (90 Questions, Timed 45 min)","170","51","P: 40 | C: 40 | B: 90 (incl. ~51 PYQs)","Physics formula sheet active recall check","Chemistry reaction reagent sheet active recall check in Error Book","Audit of Class 12 Biology Mock 2 test errors",""
"129","DAY 129","2","19","NO","","","","Class 12 Physics, Chemistry & Biology Triple Rapid Marathon","Comprehensive review of all Class 12 high-yield topics across Physics, Chemistry, and Biology before the Grand Phase 2 Diagnostic Exam","40 high-yield multi-topic Physics numericals","40","Class 12 Physics, Chemistry & Biology Triple Rapid Marathon","Class 12 Chemistry Lightning Review","Multi-topic review across Physical, Inorganic, and Organic Class 12","40 high-yield multi-topic Chemistry MCQs","40","Class 12 Chemistry Lightning Review","Class 12 Biology Lightning Review","Multi-topic review across all Class 12 Biology units","40 high-yield multi-topic Biology MCQs","40","Class 12 Biology Lightning Review","120","36","P: 40 | C: 40 | B: 40 (incl. ~36 PYQs)","Consolidated 3-subject active recall of all Class 12 key formulas, diagrams, and definitions","Final clearance of all remaining Class 12 Error Book entries","NCERT Class 12 scientist contributions review",""
"130","DAY 130","2","19","NO","","","","Class 12 Electrodynamics & Circuits: Multi-Concept Numerical Marathon","Comprehensive multi-concept problems linking Coulomb law, Gauss law, dielectric capacitors, Kirchhoff loops, and RC circuits","40 multi-concept electrodynamics numericals","40","Class 12 Electrodynamics & Circuits: Multi-Concept Numerical Marathon","Class 12 Physical Chemistry: Integrated Numerical Drill (Solutions + Electro + Kinetics)","Advanced calculation drill covering colligative properties, van't Hoff factor, Nernst equation EMF, Kohlrausch law, and Arrhenius temperature kinetics","40 timed physical chemistry calculation problems","40","Class 12 Physical Chemistry: Integrated Numerical Drill (Solutions + Electro + Kinetics)","Class 12 Biology: Reproduction & Genetics Assertion-Reason Master Drill","50 high-yield Assertion-Reason and Statement-based questions covering Flowering Plants, Human Reproduction, Reproductive Health, and Mendelian Genetics","50 NCERT line-based assertion-reason MCQs","50","Class 12 Biology: Reproduction & Genetics Assertion-Reason Master Drill","130","39","P: 40 | C: 40 | B: 50 (incl. ~39 PYQs)","Consolidated review of electrodynamics formulas and circuit theorems","Nernst equation sign and n-factor trap checklist in Error Book","Genetics pedigree charts and chromosome disorder karyotypes review",""
"131","DAY 131","2","19","NO","","","","Class 12 Magnetism, EMI & AC: Advanced Problem-Solving Session","Lorentz force trajectory in combined fields, Biot-Savart axis fields, motional EMF rotating rods, self/mutual inductance, and LCR resonance Q-factor","40 advanced magnetism and AC numericals","40","Class 12 Magnetism, EMI & AC: Advanced Problem-Solving Session","Class 12 Inorganic Chemistry: d & f-Block and Coordination Complexes Master Drill","Spin-only magnetic moments, KMnO4/K2Cr2O7 redox titration stoichiometry, CFT crystal field splitting, spectrochemical series, and optical isomerism","40 coordination and transition element MCQs","40","Class 12 Inorganic Chemistry: d & f-Block and Coordination Complexes Master Drill","Class 12 Biology: Molecular Basis of Inheritance & Evolution Master Drill","DNA packaging, replication fork enzymes, transcription processing (capping/splicing), genetic code degeneracy, Lac operon kinetics, Hardy-Weinberg equations, and hominid evolution fossils","50 line-based molecular genetics MCQs","50","Class 12 Biology: Molecular Basis of Inheritance & Evolution Master Drill","130","39","P: 40 | C: 40 | B: 50 (incl. ~39 PYQs)","LCR resonance frequency and Q-factor formula drill","Coordination isomerism identification table in Error Book","Meselson-Stahl experiment and Lac operon state diagram review",""
"132","DAY 132","2","19","NO","","","","Class 12 Optics: Ray & Wave Optics Advanced Master Drill","Prism minimum deviation, lens maker formula with immersion, astronomical telescope magnification, YDSE fringe width in liquids, and single slit diffraction angular spread","40 optics calculation and ray tracing problems","40","Class 12 Optics: Ray & Wave Optics Advanced Master Drill","Class 12 Organic Chemistry: Reaction Mechanisms (SN1, SN2, Elimination, Electrophilic Aromatic)","Stereochemistry of SN1 vs SN2, Saytzeff dehydrohalogenation, Reimer-Tiemann dichlorocarbene, Kolbe reaction, Aldol condensation, and Cannizzaro mechanisms","40 organic mechanism and reagent problems","40","Class 12 Organic Chemistry: Reaction Mechanisms (SN1, SN2, Elimination, Electrophilic Aromatic)","Class 12 Biology: Human Health, Disease & Immunology Master Drill","Plasmodium life cycle in human vs mosquito, antibody H2L2 structure, innate vs acquired barriers, HIV replication cycle inside T-helper cells, cancer metastasis, and drug plant sources","50 line-based immunology and disease MCQs","50","Class 12 Biology: Human Health, Disease & Immunology Master Drill","130","39","P: 40 | C: 40 | B: 50 (incl. ~39 PYQs)","Lens maker formula with surrounding medium index check","Aldol vs Cannizzaro distinguishing tests in Error Book","Plasmodium life cycle and HIV replication cycle diagrams review",""
"133","DAY 133","2","19","NO","","","","Class 12 Modern Physics & Semiconductors: High-Yield Problem Drill","Photoelectric stopping potential vs frequency graphs, de Broglie wavelength of accelerated charges, Bohr hydrogen transitions, nuclear binding energy mass defect, and diode rectifier frequencies","40 modern physics and semiconductor numericals","40","Class 12 Modern Physics & Semiconductors: High-Yield Problem Drill","Class 12 Organic Chemistry: Carbonyl Compounds, Amines & Biomolecules Master Drill","Tollens, Fehling, Iodoform tests, Brady reagent 2,4-DNP, Gabriel phthalimide, Hoffmann bromamide, Hinsberg test, and glucose open vs cyclic reactions","40 organic identification and conversion problems","40","Class 12 Organic Chemistry: Carbonyl Compounds, Amines & Biomolecules Master Drill","Class 12 Biology: Biotechnology Principles & Applications Master Drill","Restriction enzyme palindromic sites, pBR322 selectable markers (ampR, tetR), PCR 3-step temperatures, Taq polymerase, Bt cotton cry proteins, and RNAi gene silencing in tobacco","50 line-based biotechnology MCQs","50","Class 12 Biology: Biotechnology Principles & Applications Master Drill","130","39","P: 40 | C: 40 | B: 50 (incl. ~39 PYQs)","Einstein photoelectric equation and stopping potential work function relations","Hoffmann bromamide vs Gabriel phthalimide limitations in Error Book","pBR322 plasmid map and PCR thermal cycle flowchart review",""
"134","DAY 134","2","20","NO","","","","Class 12 Complete Syllabus Physics Simulation Test 1 (45 Qs, 45 min)","Comprehensive timed 45-question simulation covering all 14 Class 12 Physics chapters under exact NEET conditions with negative marking","45 timed questions under 45 minutes","45","Class 12 Complete Syllabus Physics Simulation Test 1 (45 Qs, 45 min)","Class 12 Complete Syllabus Chemistry Simulation Test 1 (45 Qs, 45 min)","Comprehensive timed 45-question simulation covering all 10 Class 12 Chemistry chapters under exact NEET conditions with negative marking","45 timed questions under 45 minutes","45","Class 12 Complete Syllabus Chemistry Simulation Test 1 (45 Qs, 45 min)","Class 12 Biology: Ecology & Environment High-Yield Master Drill","Allen rule adaptations, exponential vs logistic growth equations, population interactions (+/-, +/+, +/0), 10% energy law, inverted biomass pyramid in sea, Robert May biodiversity estimate, and Evil Quartet conservation","50 line-based ecology NCERT MCQs","50","Class 12 Biology: Ecology & Environment High-Yield Master Drill","140","42","P: 45 | C: 45 | B: 50 (incl. ~42 PYQs)","Audit Class 12 Simulation Test 1 errors across Physics and Chemistry","Add missed numerical traps and exceptions to Error Book","Population growth curves and ecological pyramids review",""
"135","DAY 135","2","20","NO","","","","Class 12 Complete Syllabus Physics Simulation Test 2 (45 Qs, 45 min)","Second timed 45-question simulation with emphasis on electrostatics, current, optics, and semiconductor logic gates","45 timed questions under 45 minutes","45","Class 12 Complete Syllabus Physics Simulation Test 2 (45 Qs, 45 min)","Class 12 Complete Syllabus Chemistry Simulation Test 2 (45 Qs, 45 min)","Second timed 45-question simulation with emphasis on electrochemistry, chemical kinetics, coordination complexes, and organic conversions","45 timed questions under 45 minutes","45","Class 12 Complete Syllabus Chemistry Simulation Test 2 (45 Qs, 45 min)","Class 12 Biology Complete Syllabus Simulation Test 1 (90 Qs, 45 min)","Full Class 12 Biology 90-question simulation covering all 13 chapters with negative marking","90 timed biology questions under 45 minutes","90","Class 12 Biology Complete Syllabus Simulation Test 1 (90 Qs, 45 min)","180","54","P: 45 | C: 45 | B: 90 (incl. ~54 PYQs)","Audit Class 12 Simulation Test 2 errors across Physics and Chemistry","Consolidate all Class 12 Biology tricky questions in Error Book","NCERT Class 12 scientist contributions and discovery years review",""
"136","DAY 136","2","20","NO","","","","Class 12 Physics Formula & Derivation Speed Blitz (All 14 Chapters)","Active recall writing of all 180+ Class 12 Physics formulas: electrostatics, capacitance, current, magnetism, EMI, AC, optics, modern physics, semiconductors","40 formula-application rapid calculation questions","40","Class 12 Physics Formula & Derivation Speed Blitz (All 14 Chapters)","Class 12 Chemistry Reagent & Trend Speed Blitz (All 10 Chapters)","Active recall writing of all physical formulas, coordination nomenclature rules, d-block trends, and 25 organic named reactions","40 reagent and reaction identification questions","40","Class 12 Chemistry Reagent & Trend Speed Blitz (All 10 Chapters)","Class 12 Biology Complete Syllabus Simulation Test 2 (90 Qs, 45 min)","Second full Class 12 Biology 90-question simulation with emphasis on Genetics, Molecular Biology, Biotechnology, and Ecology","90 timed biology questions under 45 minutes","90","Class 12 Biology Complete Syllabus Simulation Test 2 (90 Qs, 45 min)","170","51","P: 40 | C: 40 | B: 90 (incl. ~51 PYQs)","Class 12 Physics master formula sheet active recall verification","Class 12 Chemistry reagent chart active recall verification in Error Book","Audit Class 12 Biology Simulation Test 2 errors",""
"137","DAY 137","2","20","NO","","","","Class 12 Physics Error-Book Deep Clearance (Days 81–136)","Re-solving every single question marked in the Error Book from Class 12 Physics across all units until zero pending doubts remain","40 targeted error-book numericals solved with full steps","40","Class 12 Physics Error-Book Deep Clearance (Days 81–136)","Class 12 Chemistry Error-Book Deep Clearance (Days 81–136)","Re-solving every single question marked in the Error Book from Class 12 Chemistry across Physical, Inorganic, and Organic","40 targeted error-book chemistry problems solved with full steps","40","Class 12 Chemistry Error-Book Deep Clearance (Days 81–136)","Class 12 Biology Error-Book Deep Clearance (Days 81–136)","Reviewing and re-answering every single Biology question previously missed in daily drills and milestone tests","50 targeted error-book biology questions solved","50","Class 12 Biology Error-Book Deep Clearance (Days 81–136)","130","39","P: 40 | C: 40 | B: 50 (incl. ~39 PYQs)","Class 12 Error Book: Physics doubts clearance","Class 12 Error Book: Chemistry doubts clearance","Class 12 Error Book: Biology doubts clearance",""
"138","DAY 138","2","20","NO","","","","Class 12 High-Yield NCERT Line-by-Line & Diagram Sprint (Physics + Chemistry)","Reviewing all Class 12 NCERT Physics diagrams (wavefronts, telescope rays, p-n junction V-I) and Chemistry figures (unit cells, coordination isomers, organic reaction charts)","35 NCERT-direct conceptual questions","35","Class 12 High-Yield NCERT Line-by-Line & Diagram Sprint (Physics + Chemistry)","Class 12 NCERT Chemistry Line-by-Line Sprint","Verbatim review of NCERT Class 12 Chemistry tables, boiling points, acidities, and coordination complexes","35 NCERT-direct chemistry MCQs","35","Class 12 NCERT Chemistry Line-by-Line Sprint","Class 12 NCERT Biology Line-by-Line Diagram & Table Marathon","Verbatim review of all 48 Class 12 NCERT Biology diagrams: microsporangium, embryo sac, blastocyst, pedigree symbols, DNA double helix, replication fork, lac operon, antibody, pBR322, PCR, ecological pyramids, and biodiversity pie charts","60 NCERT diagram-based MCQs","60","Class 12 NCERT Biology Line-by-Line Diagram & Table Marathon","130","39","P: 35 | C: 35 | B: 60 (incl. ~39 PYQs)","Consolidated NCERT diagrams active review across all 3 subjects","Final verification of all NCERT summary points in Error Book","NCERT Class 12 glossary and summary points check",""
"139","DAY 139","2","20","NO","","","","Class 12 Pre-Grand Diagnostic Exam Comprehensive Warm-Up (Physics + Chemistry + Biology)","Light multi-topic revision across all 3 subjects to ensure peak confidence, stamina, and mental sharpness for the Phase 2 Grand Milestone Exam","30 warm-up Physics mixed numericals","30","Class 12 Pre-Grand Diagnostic Exam Comprehensive Warm-Up (Physics + Chemistry + Biology)","Class 12 Chemistry Pre-Exam Warm-Up","Light multi-topic revision covering physical, inorganic, and organic formulas","30 warm-up Chemistry mixed MCQs","30","Class 12 Chemistry Pre-Exam Warm-Up","Class 12 Biology Pre-Exam Warm-Up","Rapid sweep of all 13 Class 12 Biology chapters summary points","40 warm-up Biology mixed MCQs","40","Class 12 Biology Pre-Exam Warm-Up","100","30","P: 30 | C: 30 | B: 40 (incl. ~30 PYQs)","Pre-exam mental visualization, time management strategy review, and OMR filling discipline","Error Book sealed and certified for Class 12","All Class 12 chapter titles and high-weightage topics checklist check",""
"140","DAY 140","2","20","YES","","","","GRAND FINALE OF PHASE 2: Complete Class 12 NEET Diagnostic Exam (Physics + Chemistry + Biology)","Complete full-length NEET format diagnostic paper covering 100% of Class 12 syllabus: 45 Physics + 45 Chemistry + 90 Biology (Total 180 Questions, 720 Marks) under strict 3h 20m exam conditions","Comprehensive in-depth 3-subject paper analysis, scoring, error classification, and weak area certification","180","GRAND FINALE OF PHASE 2: Complete Class 12 NEET Diagnostic Exam (Physics + Chemistry + Biology)","Class 12 Chemistry Grand Milestone Audit","Post-exam chemistry review and celebration of 100% Class 12 Chemistry completion","Post-exam chemistry analysis","0","Class 12 Chemistry Grand Milestone Audit","Class 12 Biology Grand Milestone Audit","Post-exam biology review and celebration of 100% Class 12 Biology completion","Post-exam biology analysis","0","Class 12 Biology Grand Milestone Audit","180","54","P: 180 | C: 0 | B: 0 (incl. ~54 PYQs)","Full Class 12 Milestone Reflection: Celebrate completing all 14 Physics, 10 Chemistry, and 13 Biology chapters of Class 12!","Class 12 Error Book Sealed & Mastered: 100% NEET SYLLABUS NOW COMPLETE! Ready for Grand Revisions in Phase 3","100% complete syllabus completion certified across both Class 11 & Class 12","PHASE 2 GRAND MILESTONE: Complete Class 12 Syllabus Diagnostic Exam (720 Marks) — 100% SYLLABUS COMPLETED!"
"141","DAY 141","3","21","NO","","","","Grand Revision 1: Units, Dimensions, Error Analysis & Kinematics 1D","Dimensional analysis, fractional and percentage error propagation, non-uniform acceleration v(t), x(t) calculus relations, stopping distance, and relative velocity in 1D","40 speed numericals on dimensional formulas and kinematics graphs","40","Grand Revision 1: Units, Dimensions, Error Analysis & Kinematics 1D","Grand Revision 1: Some Basic Concepts (Mole Concept) & Redox Reactions","Mole concept, stoichiometry, limiting reagent, empirical vs molecular formula, n-factor calculations for disproportionation reactions, and balancing redox in acidic/basic medium","40 stoichiometry and redox balancing problems","40","Grand Revision 1: Some Basic Concepts (Mole Concept) & Redox Reactions","Grand Revision 1: Cell: The Unit of Life & Cell Cycle and Cell Division","Prokaryotic vs eukaryotic cell, endomembrane system, mitochondria/chloroplast semi-autonomous nature, Meiosis I stages (Leptotene, Zygotene synaptonemal complex, Pachytene crossing over/recombinase, Diplotene chiasmata/lampbrush, Diakinesis terminalization)","55 line-based NCERT MCQs on Meiosis stages and cell organelles","55","Grand Revision 1: Cell: The Unit of Life & Cell Cycle and Cell Division","135","47","P: 40 | C: 40 | B: 55 (incl. ~47 High-Yield PYQs)","Kinematics graph area and slope physical interpretations","Redox disproportionation n-factor calculation in Error Book","Meiosis I Prophase sub-stages sequence and key cytological events",""
"142","DAY 142","3","21","NO","","","","Grand Revision 2: Kinematics 2D (Vectors & Projectile Motion)","Dot and cross products, horizontal and oblique projectile motion formulas (time of flight T, maximum height H, horizontal range R, trajectory equation), projectile on inclined plane","40 numericals on projectile trajectory, velocity at any time t, and range ratios","40","Grand Revision 2: Kinematics 2D (Vectors & Projectile Motion)","Grand Revision 2: Structure of Atom & Periodic Classification","Bohr radius and energy formulas, de Broglie relation, Heisenberg uncertainty, quantum numbers (n, l, m, s), electronic configurations (Cr, Cu), periodic trends (IE exceptions Be>B, N>O; EA Cl>F, S>O)","40 problems on quantum numbers and periodic trend anomalies","40","Grand Revision 2: Structure of Atom & Periodic Classification","Grand Revision 2: Biomolecules (Carbohydrates, Amino Acids, Lipids, Enzymes)","Primary, secondary, tertiary, quaternary protein structures; peptide, phosphodiester, glycosidic bonds; enzyme kinetics: Michaelis-Menten, competitive inhibition (Km increases, Vmax unchanged e.g., malonate inhibits succinate dehydrogenase)","55 line-based NCERT MCQs on competitive inhibition and amino acid zwitterions","55","Grand Revision 2: Biomolecules (Carbohydrates, Amino Acids, Lipids, Enzymes)","135","47","P: 40 | C: 40 | B: 55 (incl. ~47 High-Yield PYQs)","Projectile motion complementary angles range theorem (R_θ = R_(90-θ))","Ionization enthalpy and electron gain enthalpy anomaly chart in Error Book","Enzyme competitive vs non-competitive inhibition graphs review",""
"143","DAY 143","3","21","NO","","","","Grand Revision 3: Laws of Motion, Friction & Circular Dynamics","Free body diagrams (FBD), connected bodies, pulley systems, pseudo force in non-inertial frames, static vs kinetic friction, banking of roads without and with friction (v_max = √[rg(tanθ+μ)/(1-μtanθ)])","40 numericals on pulley acceleration, block-on-block friction, and conical pendulum","40","Grand Revision 3: Laws of Motion, Friction & Circular Dynamics","Grand Revision 3: Chemical Bonding & Molecular Structure","VSEPR theory geometries and lone pair repulsions, hybridization (sp to sp³d²), dipole moments (NH3 > NF3), MOT electronic configuration of B2, C2, N2, O2 (paramagnetism, bond order = ½(Nb - Na))","40 problems on bond order, bond length, molecular shapes, and hydrogen bonding","40","Grand Revision 3: Chemical Bonding & Molecular Structure","Grand Revision 3: Principles of Inheritance and Variation (Genetics I)","Mendel monohybrid and dihybrid crosses, incomplete dominance, co-dominance (ABO blood), Morgan linkage and recombination on Drosophila, sex determination, pedigree analysis, and Mendelian/chromosomal disorders","55 line-based NCERT MCQs on pedigree charts and genetic crosses","55","Grand Revision 3: Principles of Inheritance and Variation (Genetics I)","135","47","P: 40 | C: 40 | B: 55 (incl. ~47 High-Yield PYQs)","Friction angle, angle of repose, and road banking formulas review","Dipole moment comparison (NH3 vs NF3) and MOT bond orders in Error Book","Pedigree chart standard symbols and autosomal recessive/dominant rules",""
"144","DAY 144","3","21","NO","","","","Grand Revision 4: Work, Energy, Power & Circular Motion in Vertical Plane","Work done by variable force W = ∫F·dx, Work-Energy Theorem, conservative vs non-conservative forces, potential energy curve stable/unstable equilibrium (dU/dx = 0), vertical circle critical speeds (bottom v=√5gR, top v=√gR)","40 numericals on spring-mass systems, power P = F·v, and vertical loop tensions","40","Grand Revision 4: Work, Energy, Power & Circular Motion in Vertical Plane","Grand Revision 4: Thermodynamics & Chemical Energetics","First law of thermodynamics ΔU = q + w, work done in isothermal reversible expansion w = -2.303 nRT log(V2/V1), adiabatic PV^γ = const, Hess law, bond enthalpies, entropy ΔS, Gibbs free energy spontaneity (ΔG = ΔH - TΔS < 0)","40 numericals on calculating ΔH, ΔS, and ΔG° for reaction spontaneity","40","Grand Revision 4: Thermodynamics & Chemical Energetics","Grand Revision 4: Molecular Basis of Inheritance (Genetics II)","DNA packaging into nucleosomes, Hershey-Chase experiment, Meselson-Stahl semi-conservative replication, transcription process (promoter, RNA pol, capping, splicing, tailing), genetic code features, translation, and Lac Operon","55 line-based NCERT MCQs on replication fork, genetic code, and Lac Operon","55","Grand Revision 4: Molecular Basis of Inheritance (Genetics II)","135","47","P: 40 | C: 40 | B: 55 (incl. ~47 High-Yield PYQs)","Vertical circular motion tension difference: T_bottom - T_top = 6mg","Thermodynamic sign conventions (IUPAC: w on system > 0, by system < 0) in Error Book","Lac Operon regulator, promoter, operator, and z, y, a structural gene roles",""
"145","DAY 145","3","21","NO","","","","Grand Revision 5: System of Particles & Rotational Motion","Center of mass of two-particle and continuous bodies, torque τ = r × F, angular momentum L = r × p = Iω, conservation of L, Moment of Inertia of ring, disc, rod, cylinder, sphere; parallel and perpendicular axis theorems; pure rolling motion (a = g sinθ / (1 + k²/R²))","40 numericals on rotational equilibrium, conservation of angular momentum, and rolling down an incline","40","Grand Revision 5: System of Particles & Rotational Motion","Grand Revision 5: Chemical & Ionic Equilibrium","Law of mass action, Kp = Kc (RT)^Δn, Le Chatelier principle, pH calculations of strong/weak acids, Ostwald dilution law, common ion effect, buffer solutions (Henderson-Hasselbalch equation pH = pKa + log[salt]/[acid]), solubility product Ksp","40 numericals on buffer pH, Ksp precipitation condition (Qsp > Ksp)","40","Grand Revision 5: Chemical & Ionic Equilibrium","Grand Revision 5: Evolution & Origin of Life","Miller-Urey experiment, homologous vs analogous organs (divergent vs convergent evolution), adaptive radiation (Darwin finches, Australian marsupials), Hardy-Weinberg equilibrium (p² + 2pq + q² = 1), human evolution fossils and cranial capacities","55 line-based NCERT MCQs on evolution theories and hominid cranial capacities","55","Grand Revision 5: Evolution & Origin of Life","135","47","P: 40 | C: 40 | B: 55 (incl. ~47 High-Yield PYQs)","Acceleration of rolling body down incline: a = g sinθ / (1 + k²/R²)","Buffer pH calculation and salt hydrolysis formulas in Error Book","Human evolution sequence (Dryopithecus to Homo sapiens) cranial capacity table",""
"146","DAY 146","3","21","NO","","","","Grand Revision 6: Gravitation & Satellite Motion","Newton universal law of gravitation, variation of g with altitude (g_h = g(1 - 2h/R)) and depth (g_d = g(1 - d/R)), gravitational potential V = -GM/r and field E, orbital velocity v_o = √(GM/r), escape velocity v_e = √(2gR) = 11.2 km/s, Kepler planetary laws","40 numericals on escape speed, satellite binding energy, and Kepler 3rd law (T² ∝ r³)","40","Grand Revision 6: Gravitation & Satellite Motion","Grand Revision 6: Solutions (Class 12) & Henry Law","Henry law, Raoult law for volatile/non-volatile solutes, ideal vs non-ideal solutions with positive/negative deviations, colligative properties (RLVP, ΔTb = i Kb m, ΔTf = i Kf m, π = i CRT), van't Hoff factor i relations with degree of dissociation/association","40 numericals on colligative properties and abnormal molecular masses","40","Grand Revision 6: Solutions (Class 12) & Henry Law","Grand Revision 6: Plant Physiology I — Photosynthesis in Higher Plants","Chloroplast pigments, absorption and action spectra, Light reaction: non-cyclic and cyclic photophosphorylation, Z-scheme, splitting of water (PS II 680 nm, PS I 700 nm), Chemiosmotic hypothesis (proton gradient across thylakoid lumen, ATP synthase F0-F1), Dark reaction: Calvin cycle (C3: RuBisCO carboxylation, reduction, regeneration; 18 ATP, 12 NADPH per glucose), Hatch-Slack pathway (C4: PEPcase in mesophyll, kranz anatomy, bundle sheath cells lacks RuBisCO oxygenase, malic acid), photorespiration","55 line-based NCERT MCQs on Z-scheme, C3 vs C4 cycle, and photorespiration","55","Grand Revision 6: Plant Physiology I — Photosynthesis in Higher Plants","135","47","P: 40 | C: 40 | B: 55 (incl. ~47 High-Yield PYQs)","Escape velocity relation to orbital velocity: v_e = √2 v_o","Van't Hoff factor association (i < 1) vs dissociation (i > 1) in Error Book","Z-scheme of light reaction and C4 Kranz anatomy diagrams review",""
"147","DAY 147","3","21","YES","","","","Grand Revision 7: Mechanical Properties of Solids & Fluids","Stress-strain curve, Young/Bulk/Rigidity moduli, elastic potential energy density u = ½ × stress × strain; Pascal law, hydrostatic pressure P = P₀ + ρgh, equation of continuity A1v1 = A2v2, Bernoulli theorem (P + ½ρv² + ρgh = const), Torricelli theorem (v = √2gh), terminal velocity v_t = 2r²(ρ - σ)g / 9η, surface tension and excess pressure in bubble (4T/R) vs drop (2T/R)","40 numericals on Bernoulli applications, terminal velocity, and capillary rise (h = 2T cosθ / rρg)","40","Grand Revision 7: Mechanical Properties of Solids & Fluids","Grand Revision 7: Electrochemistry (Class 12)","Galvanic cell, standard electrode potential, Nernst equation for half-cell and full cell, relation between E°_cell, ΔG° (-nFE°), and Kc; Kohlrausch law of independent migration of ions, molar conductivity variation with dilution, Faraday laws of electrolysis, lead-acid storage battery reactions","40 numericals on Nernst equation EMF, Faraday electrolysis mass, and Kohlrausch law","40","Grand Revision 7: Electrochemistry (Class 12)","Grand Revision 7: Plant Physiology II — Respiration in Plants & Plant Growth","Glycolysis (EMP pathway, 10 steps, investment vs payoff, net 2 ATP + 2 NADH), oxidative decarboxylation of pyruvate to Acetyl CoA, Krebs cycle (TCA cycle, citric acid to oxaloacetic acid, substrate level phosphorylation GTP), Electron Transport System (ETS: Complexes I to V in inner mitochondrial membrane, ubiquinone, cytochrome c mobile carrier, terminal electron acceptor O2), RQ values (carbohydrates 1, fats 0.7, proteins 0.9, organic acids > 1); Plant Growth Regulators: Auxins, Gibberellins, Cytokinins, Ethylene, ABA (stress hormone)","55 line-based NCERT MCQs on Krebs cycle enzymes, ETS complexes, and phytohormones","55","Grand Revision 7: Plant Physiology II — Respiration in Plants & Plant Growth","135","47","P: 40 | C: 40 | B: 55 (incl. ~47 High-Yield PYQs)","Week 21 Cumulative Revision: 720-minute rapid review across all Week 21 topics","Audit Week 21 Error Book: Bernoulli fluid energy terms and surface tension drops check","Mitochondrial ETS complexes and plant growth hormone functions table","MILESTONE TEST 16: Phase 3 Cumulative Unit Review 1 (Mechanics, Solutions, Genetics, Plant Physiology)"
"148","DAY 148","3","22","NO","","","","Grand Revision 8: Thermal Properties of Matter & Thermodynamics (Physics)","Thermal expansion, specific heat capacity, latent heat, calorimetry heat exchange (heat gained = heat lost); heat transfer: conduction (H = kAΔT/L), Stefan-Boltzmann law (E = eσT⁴), Newton law of cooling (dT/dt = -k(T - T₀)), Wien displacement law (λ_m T = b); First law of thermodynamics (Q = ΔU + W), molar specific heats Cp - Cv = R, adiabatic process work W = (P1V1 - P2V2)/(γ - 1)","40 numericals on calorimetry mixture temperatures, heat conduction through composite slabs, and PV work","40","Grand Revision 8: Thermal Properties of Matter & Thermodynamics (Physics)","Grand Revision 8: Chemical Kinetics (Class 12)","Rate of reaction, rate law, molecularity vs order, zero order integrated rate equation [A] = [A]₀ - kt, first order integrated rate equation k = (2.303/t) log([A]₀/[A]), half-life expressions, Arrhenius equation log(k2/k1) = (Ea / 2.303R) (1/T1 - 1/T2), collision theory","40 numericals on 1st order reaction percentage times (t_99.9% = 10 t_50%) and Arrhenius activation energy","40","Grand Revision 8: Chemical Kinetics (Class 12)","Grand Revision 8: Human Physiology I — Digestion & Breathing and Exchange of Gases","Alimentary canal histology, digestive enzymes and regulation; Respiratory system: respiratory volumes and capacities (TV, IRV, ERV, RV, VC, TLC), mechanism of breathing (diaphragm, intercostal muscles), gas exchange at alveoli (pO2, pCO2 partial pressures), oxygen-hemoglobin dissociation curve (sigmoid, factors shifting curve to right: high pCO2, high H⁺, high temp, Bohr effect), CO2 transport (70% as bicarbonate HCO3⁻, 20-25% carbamino-hemoglobin, 7% dissolved in plasma), neural regulation (respiratory rhythm center in medulla, pneumotaxic center in pons)","55 line-based NCERT MCQs on respiratory volumes, O2-Hb dissociation curve, and CO2 transport","55","Grand Revision 8: Human Physiology I — Digestion & Breathing and Exchange of Gases","135","47","P: 40 | C: 40 | B: 55 (incl. ~47 High-Yield PYQs)","Stefan-Boltzmann net radiation: E_net = eσA(T⁴ - T₀⁴)","First order reaction fraction remaining formulas in Error Book","Oxygen-hemoglobin dissociation curve factors shifting left vs right",""
"149","DAY 149","3","22","NO","","","","Grand Revision 9: Kinetic Theory of Gases & Oscillations (SHM)","Kinetic theory postulates, pressure of ideal gas P = ⅓ ρ v_rms², root mean square speed v_rms = √(3RT/M), average speed, most probable speed; degrees of freedom and equipartition of energy, molar heat capacities Cp and Cv; SHM kinematics: displacement x = A sin(ωt + φ), velocity v = ω√(A² - x²), acceleration a = -ω²x, kinetic energy KE = ½mω²(A² - x²), potential energy PE = ½mω²x², time period of simple pendulum T = 2π√(L/g) and spring-mass system T = 2π√(m/k)","40 numericals on gas speeds, mixture Cp/Cv, and SHM energy conservation","40","Grand Revision 9: Kinetic Theory of Gases & Oscillations (SHM)","Grand Revision 9: The d- and f-Block Elements & Coordination Compounds","Electronic configurations, variable oxidation states, lanthanoid contraction causes and effects, magnetic moment spin-only formula μ = √(n(n+2)) BM, preparation and redox reactions of KMnO4 and K2Cr2O7 in acidic medium; Coordination compounds: IUPAC nomenclature, Werner theory valencies, structural and stereoisomerism, CFT crystal field splitting in octahedral and tetrahedral complexes, spectrochemical series","40 problems on coordination IUPAC, CFT splitting, and d-block redox reactions","40","Grand Revision 9: The d- and f-Block Elements & Coordination Compounds","Grand Revision 9: Human Physiology II — Body Fluids and Circulation & Excretory Products","Blood composition, ABO and Rh blood grouping (erythroblastosis foetalis), coagulation cascade (thrombokinase -> prothrombin to thrombin -> fibrinogen to fibrin); Human heart anatomy, cardiac cycle events, cardiac output = stroke volume × heart rate (5 L/min), ECG waves (P wave atrial depolarization, QRS complex ventricular depolarization, T wave ventricular repolarization); Excretory system: nephron structure, urine formation (glomerular filtration GFR = 125 mL/min, tubular reabsorption, tubular secretion), counter-current mechanism in Henle loop and vasa recta (interstitial hyperosmolarity), regulation of kidney function: RAAS system (renin-angiotensin-aldosterone), ANF (atrial natriuretic factor vasodilator)","55 line-based NCERT MCQs on ECG waves, counter-current mechanism, and RAAS","55","Grand Revision 9: Human Physiology II — Body Fluids and Circulation & Excretory Products","135","47","P: 40 | C: 40 | B: 55 (incl. ~47 High-Yield PYQs)","SHM total mechanical energy E = ½ m ω² A² is constant at all positions","Spin-only magnetic moment for transition metal ions in Error Book","ECG standard lead trace labeling and nephron counter-current multiplier diagram",""
"150","DAY 150","3","22","NO","","","","Grand Revision 10: Waves & Acoustics (Doppler Effect & Resonance Tube)","Wave equation y = A sin(kx - ωt), speed of transverse wave on string v = √(T/μ), speed of sound in gas Laplace formula v = √(γRT/M); standing waves in stretched string (frequencies f_n = n v / 2L), closed organ pipe (odd harmonics f_n = (2n-1) v / 4L), open organ pipe (all harmonics f_n = n v / 2L); beats phenomenon (beat frequency Δf = f1 - f2); resonance tube end correction","40 numericals on organ pipe harmonics, beat frequencies with tuning forks, and string wave speed","40","Grand Revision 10: Waves & Acoustics (Doppler Effect & Resonance Tube)","Grand Revision 10: Organic Chemistry Basics & Hydrocarbons (Class 11)","IUPAC nomenclature, structural isomerism, geometrical and optical isomerism; Electronic effects: inductive effect, resonance/mesomeric effect, hyperconjugation, aromaticity (Huckel 4n+2 rule); Reaction intermediates: carbocation stability (3° > 2° > 1° > methyl), carbanion, free radicals; Hydrocarbons: Alkane halogenation mechanism, Wurtz reaction, Kolbe electrolytic synthesis; Alkenes: electrophilic addition of HX (Markovnikov vs anti-Markovnikov peroxide Kharasch effect), ozonolysis (determining alkene structure from carbonyl products); Alkynes: acidity of terminal alkynes, hydration with HgSO4/H2SO4 to carbonyls; Benzene electrophilic aromatic substitution (halogenation, nitration, Friedel-Crafts alkylation/acylation)","40 problems on reaction mechanisms, Markovnikov additions, and ozonolysis cleavage","40","Grand Revision 10: Organic Chemistry Basics & Hydrocarbons (Class 11)","Grand Revision 10: Human Physiology III — Locomotion and Movement & Neural Control","Skeletal muscle ultrastructure: sarcomere (Z-line, I-band actin, A-band myosin, H-zone), sliding filament theory (calcium binds troponin C, exposing active sites on actin, cross-bridge formation by myosin head ATPase); Types of joints (fibrous, cartilaginous, synovial joints: ball-and-socket, hinge, pivot, gliding, saddle); Skeletal disorders (myasthenia gravis, tetany, muscular dystrophy, arthritis, osteoporosis); Neural system: generation and conduction of nerve impulse (depolarization influx of Na⁺, repolarization efflux of K⁺, resting membrane potential -70 mV maintained by Na⁺/K⁺ pump 3 Na⁺ out, 2 K⁺ in), synapse (electrical vs chemical, neurotransmitters acetylcholine), reflex arc; Human brain: cerebrum, thalamus, hypothalamus (hunger, temperature, hormones), cerebellum (body balance), medulla oblongata; Sensory organs: Eye structure and photoreceptors, Ear anatomy and mechanism of hearing","55 line-based NCERT MCQs on sarcomere bands during contraction and nerve impulse propagation","55","Grand Revision 10: Human Physiology III — Locomotion and Movement & Neural Control","135","47","P: 40 | C: 40 | B: 55 (incl. ~47 High-Yield PYQs)","Closed organ pipe fundamental frequency is half of open organ pipe of same length","Alkene ozonolysis product deduction logic in Error Book","Sarcomere bands (A, I, H, Z) changes during muscle contraction flowchart",""
"151","DAY 151","3","22","NO","","","","Grand Revision 11: Electrostatics (Charges, Fields, Gauss Law & Capacitors)","Coulomb law, electric field due to point charge and dipole, electric flux, Gauss law applications (infinite wire E = λ/2πε₀r, infinite plane sheet E = σ/2ε₀, spherical shell); electric potential V = kq/r, relation between E and V (E = -dV/dr), potential energy of system of charges; Capacitance C = ε₀A/d, dielectric slab insertion (battery connected vs disconnected), series/parallel combinations, energy stored U = ½CV²","40 numericals on Gauss flux, equipotential surfaces, and capacitor circuit networks","40","Grand Revision 11: Electrostatics (Charges, Fields, Gauss Law & Capacitors)","Grand Revision 11: Haloalkanes and Haloarenes (Class 12)","Preparation of alkyl halides (from alcohols using SOCl2, Lucas reagent, Markovnikov addition to alkenes, Finkelstein and Swarts halogen exchange reactions); Nucleophilic substitution mechanisms: SN1 (carbocation intermediate, racemization, 3°>2°>1°) vs SN2 (single step, transition state, Walden inversion, 1°>2°>3°); Elimination reactions: Saytzeff vs Hofmann rule; Haloarenes: low reactivity towards nucleophilic substitution, electrophilic aromatic substitution (ortho/para directing)","40 problems on SN1 vs SN2 mechanism predictions, stereochemistry, and reagent conversions","40","Grand Revision 11: Haloalkanes and Haloarenes (Class 12)","Grand Revision 11: Human Physiology IV — Chemical Coordination and Integration","Endocrine glands and hormones: Hypothalamus (releasing and inhibiting hormones); Pituitary gland (GH, PRL, TSH, ACTH, LH, FSH from adenohypophysis; Oxytocin and Vasopressin/ADH from neurohypophysis); Pineal gland (melatonin, diurnal 24-hr rhythm); Thyroid gland (T3, T4, calcitonin lowers blood Ca2+, hypothyroidism goitre/cretinism); Parathyroid gland (PTH increases blood Ca2+, hypercalcemic hormone antagonist to calcitonin); Thymus (thymosins, cell-mediated immunity); Adrenal gland (adrenal cortex: mineralocorticoids aldosterone, glucocorticoids cortisol; adrenal medulla: adrenaline, noradrenaline emergency hormones); Pancreas (insulin β-cells lowers blood glucose, glucagon α-cells increases blood glucose); Gonads; Mechanism of hormone action: peptide/protein hormones bind membrane receptors generating second messengers (cAMP, IP3, Ca2+), steroid/thyroid hormones cross membrane binding intracellular nuclear receptors directly regulating gene expression","55 line-based NCERT MCQs on hormone antagonism (PTH vs calcitonin, insulin vs glucagon) and second messengers","55","Grand Revision 11: Human Physiology IV — Chemical Coordination and Integration","135","47","P: 40 | C: 40 | B: 55 (incl. ~47 High-Yield PYQs)","Capacitor energy density formula: u = ½ ε₀ E²","SN1 vs SN2 reactivity order factors (steric hindrance vs carbocation stability) in Error Book","Endocrine hormone feedback loops and peptide vs steroid hormone action mechanisms",""
"152","DAY 152","3","22","NO","","","","Grand Revision 12: Current Electricity & Electrical Instruments","Ohm law, drift velocity v_d = eEτ/m, current I = n e A v_d, temperature dependence of resistance; Kirchhoff Junction and Loop rules; series and parallel combination of cells; balanced Wheatstone bridge condition; Meter Bridge (R/S = l/(100-l)); Potentiometer (comparison of EMFs E1/E2 = l1/l2, internal resistance r = R(l1/l2 - 1)); electrical power and Joule heating","40 numericals on multi-loop Kirchhoff circuits, potentiometer balancing lengths, and bulb ratings","40","Grand Revision 12: Current Electricity & Electrical Instruments","Grand Revision 12: Alcohols, Phenols and Ethers (Class 12)","Preparation of alcohols (acid-catalyzed hydration, hydroboration-oxidation anti-Markovnikov alcohol, reduction, Grignard additions to carbonyls); Lucas test (distinguishing 1°, 2°, 3° alcohols); oxidation of alcohols (PCC, Jones, Cu at 573 K); Phenols: preparation from cumene, acidity of phenols (substituent effects), Kolbe reaction (to salicylic acid), Reimer-Tiemann reaction (to salicylaldehyde); Ethers: Williamson synthesis (1° alkyl halide + alkoxide), cleavage of ethers with excess HI (cold vs hot)","40 problems on alcohol oxidation sequences, phenol named reactions, and ether cleavage products","40","Grand Revision 12: Alcohols, Phenols and Ethers (Class 12)","Grand Revision 12: Reproduction in Flowering Plants (Class 12)","Flower structure, microsporogenesis (anther wall layers: epidermis, endothecium, middle layers, tapetum nourishment; pollen grain exine sporopollenin, intine, vegetative and generative cells), megasporogenesis (ovule parts, monosporic development of 7-celled 8-nucleate embryo sac), pollination types (autogamy, geitonogamy, xenogamy; abiotic wind/water, biotic), outbreeding devices, pollen-pistil interaction, double fertilization (syngamy gives 2n zygote, triple fusion gives 3n PEN), endosperm development (free-nuclear coconut water), embryo development, non-albuminous vs albuminous seeds, apomixis and polyembryony","55 line-based NCERT MCQs on tapetum ploidy, double fertilization, and apomixis","55","Grand Revision 12: Reproduction in Flowering Plants (Class 12)","135","47","P: 40 | C: 40 | B: 55 (incl. ~47 High-Yield PYQs)","Potentiometer balance length is independent of internal resistance of driver cell","Williamson ether synthesis requirement (1° alkyl halide to prevent elimination) in Error Book","Double fertilization events and seed anatomy diagrams review",""
"153","DAY 153","3","22","NO","","","","Grand Revision 13: Moving Charges, Magnetism & Matter","Lorentz force F = q(E + v × B), motion of charge in uniform B (radius r = mv/qB = √(2mK)/qB, pitch), Biot-Savart law, magnetic field of circular current loop (axis and center) and straight wire; Ampere Circuital law, solenoid field B = μ₀ n I; force between parallel currents (F/L = μ₀ I1 I2 / 2πd); torque on magnetic dipole τ = M × B; Moving coil galvanometer and conversion to ammeter (shunt in parallel) and voltmeter (resistor in series); Earth magnetism (declination, dip tanδ = Bv/Bh); Dia, Para, Ferro-magnetic materials properties (susceptibility χ)","40 numericals on helical paths, circular loop fields, ammeter shunt calculations, and angle of dip","40","Grand Revision 13: Moving Charges, Magnetism & Matter","Grand Revision 13: Aldehydes, Ketones and Carboxylic Acids (Class 12)","Preparation of carbonyls: Rosenmund reduction, Stephen reaction, Etard reaction, Gattermann-Koch, ozonolysis; Nucleophilic addition reactions (HCN, NaHSO3, Grignard, alcohols, ammonia derivatives Brady test 2,4-DNP); Oxidation: Tollens test (silver mirror), Fehling test (Cu2O red ppt), Haloform/Iodoform reaction (yellow CHI3); Reactions involving α-hydrogen: Aldol condensation, Cross-aldol, Cannizzaro reaction (no α-H); Carboxylic acids: preparation, acidity rankings (substituent inductive/resonance effects), Hell-Volhard-Zelinsky (HVZ) reaction, decarboxylation with sodalime","40 problems on Aldol vs Cannizzaro products, Iodoform positive compounds, and carboxylic acid acidity","40","Grand Revision 13: Aldehydes, Ketones and Carboxylic Acids (Class 12)","Grand Revision 13: Human Reproduction & Reproductive Health (Class 12)","Male reproductive system (testicular lobules, seminiferous tubules: Sertoli cells and Leydig cells; accessory ducts and glands: seminal vesicles, prostate, bulbourethral); Female reproductive system (ovaries, fallopian tubes: infundibulum fimbriae, ampulla fertilization site, isthmus; uterus wall layers); Gametogenesis: Spermatogenesis vs Oogenesis (polar bodies, arrest stages); Menstrual cycle hormonal regulation (FSH, LH surge ovulation day 14, estrogen, progesterone corpus luteum); Fertilization, acrosomal reaction, cleavage to morula and blastocyst, implantation; Pregnancy hormones (hCG, hPL, relaxin produced only in pregnancy), parturition (fetal ejection reflex, oxytocin), lactation (colostrum IgA); Reproductive health: Contraception methods (natural, barrier, copper/hormone-releasing IUDs, Saheli non-steroidal oral pill, surgical sterilization), MTP, STIs, ART techniques (IVF-ET: ZIFT, IUT; GIFT; ICSI; IUI)","55 line-based NCERT MCQs on menstrual cycle hormone graphs, blastocyst, and ART procedures","55","Grand Revision 13: Human Reproduction & Reproductive Health (Class 12)","135","47","P: 40 | C: 40 | B: 55 (incl. ~47 High-Yield PYQs)","Force between parallel wires: parallel currents attract, antiparallel currents repel","Cannizzaro reaction disproportionation products in Error Book","Menstrual cycle hormone regulation 4-curve chart verbatim review",""
"154","DAY 154","3","22","YES","","","","Grand Revision 14: Electromagnetic Induction (EMI) & Alternating Current (AC)","Magnetic flux Φ = B·A, Faraday laws of induction ε = -dΦ/dt, Lenz law (conservation of energy); motional EMF ε = Bvl; rotating rod EMF ε = ½BωL²; self-inductance L, mutual inductance M, energy stored in inductor U = ½LI²; Alternating current: peak vs RMS values (I_rms = I₀/√2), AC across pure R, L (X_L = ωL, V leads I by π/2), C (X_C = 1/ωC, I leads V by π/2); Series LCR circuit: impedance Z = √[R² + (X_L - X_C)²], resonance frequency f₀ = 1/(2π√LC), power in AC circuit P = V_rms I_rms cosφ (power factor cosφ = R/Z); Transformers (turns ratio Ns/Np = Vs/Vp = Ip/Is, efficiency, core losses)","40 numericals on motional EMF, LCR impedance/power factor, resonance Q-factor, and transformer ratios","40","Grand Revision 14: Electromagnetic Induction (EMI) & Alternating Current (AC)","Grand Revision 14: Amines & Nitrogen Containing Organic Compounds (Class 12)","Preparation of amines: reduction of nitro compounds, nitriles, amides; Gabriel phthalimide synthesis (pure 1° aliphatic amines only); Hoffmann bromamide degradation reaction (amine with one less carbon atom); Basicity of amines in gas phase vs aqueous medium (methyl: 213, ethyl: 231; aniline weaker base due to resonance); Chemical reactions: Carbylamine test (test for 1° amines with CHCl3/alc. KOH -> foul isocyanide), Hinsberg test (benzenesulfonyl chloride distinguishes 1°, 2°, 3° amines); Diazonium salts: preparation by diazotization at 0-5°C, Sandmeyer reaction, Gattermann reaction, Balz-Schiemann reaction, azo coupling with phenol (orange dye) and aniline (yellow dye)","40 problems on amine basicity rankings, Hinsberg test interpretations, and diazonium conversions","40","Grand Revision 14: Amines & Nitrogen Containing Organic Compounds (Class 12)","Grand Revision 14: Biotechnology: Principles, Processes & Applications (Class 12)","Tools of rDNA technology: restriction enzymes (endonucleases, sticky vs blunt ends, EcoRI 5'-GAATTC-3'), DNA ligase, cloning vectors (pBR322: ori, ampR, tetR, rop, insertional inactivation with β-galactosidase blue-white selection), competent host methods (Ca2+ divalent cation, heat shock 42°C, microinjection, biolistics/gene gun); Processes: DNA isolation (chilled ethanol spooling), agarose gel electrophoresis (ethidium bromide orange UV bands, elution), PCR (3 steps: Denaturation 94°C, Annealing primers ~54°C, Extension Taq polymerase from Thermus aquaticus 72°C), bioreactors (stirred tank, sparged), downstream processing; Applications: Bt Cotton (cryIAc, cryIIAb against bollworms, cryIAb corn borer; alkaline gut protoxin activation), RNA interference (RNAi: dsRNA gene silencing against Meloidogyne incognita in tobacco), genetically engineered insulin (Humulin Eli Lilly 1983: separate A and B chains, no C-peptide), gene therapy (first trial 1990 for ADA deficiency on 4-yr-old girl), transgenic animals (Rosie cow alpha-lactalbumin), GEAC, biopiracy","55 line-based NCERT MCQs on pBR322 features, PCR steps, and Humulin production","55","Grand Revision 14: Biotechnology: Principles, Processes & Applications (Class 12)","135","47","P: 40 | C: 40 | B: 55 (incl. ~47 High-Yield PYQs)","Week 22 Cumulative Revision: 720-minute rapid review across all Week 22 topics","Audit Week 22 Error Book: LCR circuit power factor and resonance conditions check","pBR322 plasmid map and PCR thermal cycle diagram review","MILESTONE TEST 17: Phase 3 Cumulative Unit Review 2 (Electrodynamics, AC, Amines, Biotechnology)"
"155","DAY 155","3","23","NO","","","","Grand Revision 15: Ray Optics, Optical Instruments & Wave Optics","Ray optics: reflection by spherical mirrors (mirror formula 1/f = 1/v + 1/u, magnification), refraction at plane surfaces, Snell law, total internal reflection (sin C = 1/n, optical fibers, prisms), refraction at spherical surfaces (n2/v - n1/u = (n2-n1)/R), Lens Maker formula (1/f = (n-1)[1/R1 - 1/R2]), thin lens formula, power of lenses in contact (P = P1 + P2); Refraction through prism (deviation δ = i + e - A, minimum deviation formula n = sin((A+δm)/2)/sin(A/2)); Optical instruments: simple and compound microscopes (m = (L/f₀)(D/fe)), astronomical telescope (m = f₀/fe, tube length L = f₀ + fe); Wave optics: Huygens principle, wavefronts, Young double slit experiment (YDSE: fringe width β = λD/d, conditions for constructive and destructive interference), single slit diffraction (central maximum width 2λD/a, secondary minima a sinθ = nλ)","40 numericals on lens combinations, immersion of lens in water, prism deviation, and YDSE fringe shifts","40","Grand Revision 15: Ray Optics, Optical Instruments & Wave Optics","Grand Revision 15: Biomolecules & Chemistry in Everyday Life (Class 12)","Carbohydrates: classification, D- and L-configurations, glucose cyclic Haworth structure, reactions of glucose (HI/P gives n-hexane, Br2 water gives gluconic acid, HNO3 gives saccharic acid, acetic anhydride gives pentaacetate), glycosidic bond in sucrose (non-reducing: α-D-glucose + β-D-fructose), maltose (reducing), lactose (reducing), starch (amylose water soluble + amylopectin branched), cellulose; Proteins: amino acids (essential vs non-essential), peptide linkage, fibrous vs globular proteins, primary, secondary (α-helix, β-pleated sheet), tertiary, quaternary structures, denaturation of proteins (loss of 2° and 3° structure); Nucleic acids: chemical composition of DNA and RNA, nucleoside vs nucleotide, phosphodiester linkage, Watson-Crick double helix, hydrogen bonding between bases (A=T, G≡C); Vitamins: fat soluble (A, D, E, K) vs water soluble (B, C), deficiency diseases table","40 problems on glucose reactions, peptide bonds, DNA/RNA structures, and vitamin deficiencies","40","Grand Revision 15: Biomolecules & Chemistry in Everyday Life (Class 12)","Grand Revision 15: Ecology & Environment (Class 12: 3 Chapters Complete Revision)","Organisms and Populations: abiotic factors (temperature, water, light, soil), adaptations (Allen rule shorter ears/limbs, kangaroo rat, altitude sickness physiology: RBC increase, binding affinity decrease, breathing increase), population attributes (natality, mortality, sex ratio, age pyramids), population growth models (exponential J-shaped dN/dt = rN vs logistic S-shaped Verhulst-Pearl dN/dt = rN[(K-N)/K]), population interactions (mutualism +/+, commensalism +/0, predation +/-, parasitism +/-, competition -/- Gause competitive exclusion, amensalism -/0); Ecosystem: productivity (GPP, NPP = GPP - R), decomposition stages (fragmentation, leaching, catabolism, humification, mineralization), energy flow (unidirectional, 10% Lindeman law), ecological pyramids (number, biomass: inverted in aquatic sea, energy: always upright), ecological succession (primary vs secondary, hydrarch vs xerarch); Biodiversity and Conservation: levels of biodiversity, Robert May global estimate ~7 million species, latitudinal gradients (Amazon rainforest greatest biodiversity), species-area relationship (log S = log C + z log A, Alexander von Humboldt), Evil Quartet causes of biodiversity loss (habitat loss #1, over-exploitation, alien invasions, co-extinctions), In-situ (national parks, biosphere reserves, sacred groves) vs Ex-situ conservation (cryopreservation, botanical gardens, seed banks)","55 line-based NCERT MCQs on population interaction examples, ecological pyramids, and conservation","55","Grand Revision 15: Ecology & Environment (Class 12: 3 Chapters Complete Revision)","135","47","P: 40 | C: 40 | B: 55 (incl. ~47 High-Yield PYQs)","Lens maker formula sign convention and medium refractive index ratio","Glucose reactions confirming open chain vs cyclic structure in Error Book","Ecological pyramids diagrams (upright vs inverted biomass in sea) review",""
"156","DAY 156","3","23","NO","","","","Grand Revision 16: Dual Nature of Radiation, Atoms & Nuclei (Modern Physics)","Photoelectric effect: work function Φ₀ = hν₀, Einstein photoelectric equation K_max = hν - Φ₀ = eV₀, stopping potential vs frequency graphs (slope = h/e); de Broglie hypothesis λ = h/p = h/mv = 1.227/√V nm for electrons; Atoms: Rutherford model, Bohr postulates for hydrogen-like species (radius r_n = 0.529 n²/Z Å, velocity v_n = 2.18×10⁶ Z/n m/s, energy E_n = -13.6 Z²/n² eV), hydrogen spectral series (Lyman UV, Balmer visible, Paschen IR, Rydberg formula 1/λ = R Z²(1/n1² - 1/n2²)); Nuclei: nuclear radius R = R₀ A^(1/3), nuclear density constant ~2.3×10¹⁷ kg/m³, mass defect Δm, binding energy BE = Δm × 931.5 MeV, binding energy per nucleon curve (peak at Fe-56 8.75 MeV/nucleon), nuclear fission (U-235 chain reaction) and nuclear fusion (proton-proton cycle in sun)","40 numericals on photoelectric threshold wavelength, Bohr transitions, Rydberg series, and nuclear mass defect","40","Grand Revision 16: Dual Nature of Radiation, Atoms & Nuclei (Modern Physics)","Grand Revision 16: Complete Organic Chemistry Named Reactions & Reagents Blitz","Comprehensive active recall test of all 35 high-yield organic named reactions across Class 11 & Class 12: Wurtz, Wurtz-Fittig, Fittig, Finkelstein, Swarts, Kolbe, Reimer-Tiemann, Williamson, Rosenmund, Stephen, Etard, Gattermann-Koch, Clemmensen, Wolff-Kishner, Tollens, Fehling, Haloform/Iodoform, Aldol, Cross-Aldol, Cannizzaro, HVZ, Gabriel Phthalimide, Hoffmann Bromamide, Carbylamine, Diazotization, Sandmeyer, Gattermann, Balz-Schiemann, Coupling; Reagents functions: PCC, Jones, LiAlH4, NaBH4, DIBAL-H, O3/Zn, Lucas, Brady, Hinsberg","40 multi-step organic conversion problems and reagent identification questions","40","Grand Revision 16: Complete Organic Chemistry Named Reactions & Reagents Blitz","Grand Revision 16: Diversity in Living World (The Living World, Biological Classification, Plant & Animal Kingdoms)","The Living World: taxonomic hierarchy (Species to Kingdom), binomial nomenclature rules, taxonomic aids; Biological Classification: Whittaker 5 kingdoms, Monera (archaebacteria methanogens/halophiles, eubacteria cyanobacteria heterocysts), Protista (Chrysophytes diatoms, Dinoflagellates red tides, Euglenoids, Slime moulds, Protozoans), Fungi (Phycomycetes, Ascomycetes sac fungi, Basidiomycetes club fungi, Deuteromycetes fungi imperfecti), Viruses, Viroids (T.O. Diener, free RNA without protein coat, potato spindle tuber), Prions, Lichens; Plant Kingdom: Algae (Chlorophyceae starch, Phaeophyceae fucoxanthin/algin, Rhodophyceae r-phycoerythrin/agar), Bryophytes (amphibians of plant kingdom, liverworts vs mosses protonema), Pteridophytes (vascular, heterospory Selaginella/Salvinia precursor to seed habit), Gymnosperms (naked seeds, mycorrhiza Pinus, coralloid roots Cycas), Angiosperms; Animal Kingdom: non-chordates (Porifera choanocytes, Cnidaria cnidoblasts/metagenesis Obelia, Ctenophora bioluminescence/comb plates, Platyhelminthes flame cells/flatworms, Aschelminthes pseudocoelomate, Annelida metamerism/nephridia, Arthropoda largest phylum/chitinous exoskeleton/Malpighian tubules, Mollusca 2nd largest/radula, Echinodermata water vascular system/radial adult, Hemichordata proboscis gland) and Chordata (Cyclostomes, Chondrichthyes placoid scales/cartilaginous, Osteichthyes cycloid scales/operculum/air bladder, Amphibia, Reptilia 3-chambered heart except crocodile 4, Aves pneumatic bones, Mammalia mammary glands)","60 line-based NCERT MCQs on kingdom classifications, fungal classes, and animal phyla key features","60","Grand Revision 16: Diversity in Living World (The Living World, Biological Classification, Plant & Animal Kingdoms)","140","49","P: 40 | C: 40 | B: 60 (incl. ~49 High-Yield PYQs)","Bohr hydrogen energy level transitions (En ∝ -Z²/n²)","All 35 named reactions reagent summary verification in Error Book","Whittaker 5-kingdom comparison table and Animal Kingdom phyla distinguishing features",""
"157","DAY 157","3","23","NO","","","","Grand Revision 17: Semiconductor Electronics & Logic Gates (Class 12)","Energy bands in solids (insulators, semiconductors Eg ~ 1 eV, conductors), intrinsic semiconductors (n_e = n_h = n_i), extrinsic semiconductors: n-type (pentavalent dopants, n_e >> n_h) and p-type (trivalent dopants, n_h >> n_e), mass action law n_e n_h = n_i²; p-n junction formation: depletion layer, barrier potential; forward biasing (depletion layer narrows, cut-in knee voltage) vs reverse biasing (depletion layer widens, reverse saturation current, breakdown); Diodes as rectifiers: half-wave (f_out = f_in, efficiency max 40.6%) vs full-wave (f_out = 2 f_in, efficiency max 81.2%), filter circuits; Special purpose diodes: Zener diode (heavily doped, reverse breakdown, voltage regulator), Photodiode, LED, Solar cell; Logic gates: AND, OR, NOT, NAND, NOR universal gates, truth tables and Boolean expressions","40 problems on Zener voltage regulator calculations, rectifier frequencies, and logic gate truth tables","40","Grand Revision 17: Semiconductor Electronics & Logic Gates (Class 12)","Grand Revision 17: Complete Physical Chemistry Formula Marathon (All 7 Units)","Verbatim writing and formula derivation test covering all numerical formulas of Class 11 & Class 12: Mole concept, Atomic structure (Bohr, de Broglie, uncertainty), Thermodynamics (work, ΔU, ΔH, ΔS, ΔG), Equilibrium (Kp/Kc, pH, buffer, Ksp), Solutions (Raoult, colligative properties, van't Hoff factor i), Electrochemistry (Nernst, ΔG°, Kohlrausch, Faraday laws), Chemical Kinetics (integrated rate equations, half-life, Arrhenius equation)","45 timed high-yield numerical calculation problems across all 7 physical chemistry units","45","Grand Revision 17: Complete Physical Chemistry Formula Marathon (All 7 Units)","Grand Revision 17: Structural Organisation in Plants and Animals (Morphology & Anatomy)","Morphology of Flowering Plants: root modifications (tap root carrot, adventitious root sweet potato, prop roots banyan, stilt roots maize, pneumatophores Rhizophora), stem modifications (tendrils, thorns, phylloclade Opuntia, stolon, runner), leaf venation and phyllotaxy (alternate, opposite, whorled), inflorescence (racemose vs cymose), flower parts, aestivation (valvate, twisted, imbricate, vexillary), placentation (marginal pea, axile tomato, parietal mustard, free central Dianthus, basal sunflower), fruit (true vs false apple, drupe mango/coconut mesocarp/endocarp); Anatomy of Flowering Plants: meristematic tissues (apical, intercalary, lateral vascular cambium), permanent tissues (parenchyma, collenchyma, sclerenchyma, xylem tracheids/vessels, phloem sieve tubes/companion cells), anatomy of dicot and monocot root, stem, leaf; Structural Organisation in Animals: epithelial tissues (squamous, cuboidal, columnar, ciliated, glandular), connective tissues (loose areolar/adipose, dense regular tendon/ligament, specialized cartilage/bone/blood), muscle tissues (skeletal, smooth, cardiac), neural tissue; Cockroach morphology and anatomy (head hypognathous, mouth parts, forewings tegmina, hindwings transparent, alimentary canal proventriculus/gizzard with chitinous teeth, hepatic caeca 6-8, Malpighian tubules 100-150, open circulatory system 13-chambered heart, spiracles 10 pairs, reproductive system mushroom gland, spermatheca)","60 line-based NCERT MCQs on placentation types, aestivation, wood anatomy, and cockroach systems","60","Grand Revision 17: Structural Organisation in Plants and Animals (Morphology & Anatomy)","145","51","P: 40 | C: 45 | B: 60 (incl. ~51 High-Yield PYQs)","Logic gate Boolean algebra De Morgan theorems: (A·B)' = A' + B', (A+B)' = A'·B'","Full physical chemistry formula audit and unit consistency check in Error Book","Placentation types diagrams and cockroach alimentary canal diagram review",""
"158","DAY 158","3","23","NO","","","","Grand Revision 18: Complete Inorganic Chemistry Mastery Drill (Periodic, Bonding, Coordination, d/f-Block)","Comprehensive review of all inorganic principles: periodic trends and anomaly exceptions, VSEPR shapes, MOT bond order and magnetic behavior, coordinate compounds IUPAC naming, Werner valencies, CFT splitting and spectrochemical series, isomerism in complexes, d-block variable oxidation states and catalytic properties, KMnO4/K2Cr2O7 redox equations, and lanthanoid contraction","45 timed inorganic chemistry conceptual MCQs and trend rankings","45","Grand Revision 18: Complete Inorganic Chemistry Mastery Drill (Periodic, Bonding, Coordination, d/f-Block)","Grand Revision 18: Physics High-Yield Mechanics & Electrodynamics Combined Numerical Drill","Integrated problem solving connecting: Kinematics + Laws of Motion + Work-Energy + Rotation + Gravitation + Electrostatics + Current Electricity + Magnetism + EMI","45 multi-topic Physics numericals under 50 minutes","45","Grand Revision 18: Physics High-Yield Mechanics & Electrodynamics Combined Numerical Drill","Grand Revision 18: Complete NCERT Biology Class 11 Line-by-Line Blitz (Units 1 to 5)","High-speed active recall of all key NCERT line definitions, scientist discoveries, and numerical figures of Class 11 Biology: Whittaker year 1969, Singer-Nicolson 1972, Ramachandran plot, RuBisCO abundance, C4 PEPcase, respiratory volumes, nephron filtration fraction 1/5th, cardiac output 5 L/min","60 rapid-fire NCERT line-based MCQs","60","Grand Revision 18: Complete NCERT Biology Class 11 Line-by-Line Blitz (Units 1 to 5)","150","53","P: 45 | C: 45 | B: 60 (incl. ~53 High-Yield PYQs)","Combined Physics mechanics and electrodynamics core theorems review","Inorganic trends exception sheet verification in Error Book","NCERT Class 11 high-yield numerical facts and discovery dates review",""
"159","DAY 159","3","23","NO","","","","Grand Revision 19: Complete NCERT Biology Class 12 Line-by-Line Blitz (Units 6 to 10)","High-speed active recall of all key NCERT line definitions, scientist discoveries, and numerical figures of Class 12 Biology: Watson & Crick 1953, Meselson & Stahl 1958, Morgan Drosophila, HGP 1990-2003 (3.1647 billion bp, 2968 genes on Chr 1, 231 on Y), Eli Lilly 1983 insulin, first gene therapy 1990 ADA, Robert May 7 million species estimate, Alexander von Humboldt species-area equation, Evil Quartet","60 rapid-fire NCERT line-based MCQs","60","Grand Revision 19: Complete NCERT Biology Class 12 Line-by-Line Blitz (Units 6 to 10)","Grand Revision 19: Physics High-Yield Waves, Optics, Thermal & Modern Combined Drill","Integrated problem solving connecting: Fluids + Heat transfer + SHM + Waves + Wave Optics + Ray Optics + Photoelectric + Bohr + Nuclei + Semiconductors","45 multi-topic Physics numericals under 50 minutes","45","Grand Revision 19: Physics High-Yield Waves, Optics, Thermal & Modern Combined Drill","Grand Revision 19: Complete Organic Chemistry Multi-Step Synthesis & Distinction Tests","Solving 25 multi-step organic conversion pathways linking all functional groups and distinguishing chemical tests (Lucas, Tollens, Fehling, Iodoform, Brady, Hinsberg, Carbylamine, Azo dye, NaHCO3 effervescence)","45 organic synthesis and test identification problems","45","Grand Revision 19: Complete Organic Chemistry Multi-Step Synthesis & Distinction Tests","150","53","P: 60 | C: 45 | B: 45 (incl. ~53 High-Yield PYQs)","Physics waves, optics, and modern physics core formula verification","Organic chemical distinction tests summary verification in Error Book","NCERT Class 12 high-yield numerical facts and discovery dates review",""
"160","DAY 160","3","23","YES","","","","Grand Revision 20: Pre-Marathon All-India NEET Simulation Exam (Physics + Chemistry + Biology)","Complete full-length NEET format rehearsal paper covering 100% of both Class 11 and Class 12 syllabus: 45 Physics + 45 Chemistry + 90 Biology (Total 180 Questions, 720 Marks) under strict 3h 20m exam conditions","Comprehensive in-depth 3-subject paper analysis, scoring, error classification, and final conditioning for the 20 Full Practice Papers Marathon starting tomorrow!","180","Grand Revision 20: Pre-Marathon All-India NEET Simulation Exam (Physics + Chemistry + Biology)","Full Syllabus Chemistry Rehearsal Paper Review","Post-exam chemistry analysis and final calibration","Post-exam chemistry review","0","Full Syllabus Chemistry Rehearsal Paper Review","Full Syllabus Biology Rehearsal Paper Review","Post-exam biology analysis and final calibration","Post-exam biology review","0","Full Syllabus Biology Rehearsal Paper Review","180","63","P: 180 | C: 0 | B: 0 (incl. ~63 High-Yield PYQs)","Phase 3 Grand Milestone Reflection: 20-Day High-Yield Grand Revision completed with total mastery of all 97 syllabus chapters!","All Error Books from Phase 1, Phase 2, and Phase 3 reviewed and cleared! Ready to begin Phase 4: The 20 Full-Length NEET Practice Papers Marathon from Day 161 to Day 200!","Complete syllabus readiness certified across all units","PHASE 3 GRAND MILESTONE: Pre-Marathon All-India Full Syllabus Simulation (720 Marks) — 100% REVISION MASTERED!"
"161","DAY 161","3","23","NO","","","","Unit Speed Drill 1: Mechanics Fast-Track Numerical Sprint","Rapid-fire numerical drill covering Kinematics, Newton Laws, Friction, Circular Motion, Work-Energy-Power, and Rotational Dynamics","40 timed mechanics numericals under 45 minutes","40","Unit Speed Drill 1: Mechanics Fast-Track Numerical Sprint","Unit Speed Drill 1: Physical Chemistry Calculations Fast-Track","Rapid-fire numerical drill covering Mole Concept, Atomic Structure, Thermodynamics, and Chemical/Ionic Equilibrium","40 timed physical chemistry problems under 45 minutes","40","Unit Speed Drill 1: Physical Chemistry Calculations Fast-Track","Unit Speed Drill 1: Cell Biology, Biomolecules & Genetics Fast-Track","High-speed line-by-line NCERT drill covering Cell Structure, Cell Division, Biomolecules, and Mendelian Genetics","60 timed biology questions under 30 minutes","60","Unit Speed Drill 1: Cell Biology, Biomolecules & Genetics Fast-Track","140","49","P: 40 | C: 40 | B: 60 (incl. ~49 High-Yield PYQs)","Mechanics high-speed shortcut formulas review","Physical chemistry calculation shortcuts in Error Book","Genetics cross shortcuts and phenotypic ratios review",""
"162","DAY 162","3","24","NO","","","","Unit Speed Drill 2: Gravitation, Solids, Fluids & Thermal Fast-Track","Rapid-fire numerical drill covering Gravitation orbits, Elasticity moduli, Hydrostatics, Bernoulli, Viscosity, Surface Tension, Calorimetry, and Heat Transfer","40 timed thermal and fluids numericals under 45 minutes","40","Unit Speed Drill 2: Gravitation, Solids, Fluids & Thermal Fast-Track","Unit Speed Drill 2: Solutions, Electrochemistry & Kinetics Fast-Track","Rapid-fire numerical drill covering Raoult law, Colligative properties, van't Hoff factor, Nernst equation EMF, Faraday electrolysis, and Rate Laws","40 timed electrochemistry and kinetics problems under 45 minutes","40","Unit Speed Drill 2: Solutions, Electrochemistry & Kinetics Fast-Track","Unit Speed Drill 2: Plant Physiology & Flowering Plants Fast-Track","High-speed line-by-line NCERT drill covering Photosynthesis, Respiration in Plants, Phytohormones, and Sexual Reproduction in Flowering Plants","60 timed plant biology questions under 30 minutes","60","Unit Speed Drill 2: Plant Physiology & Flowering Plants Fast-Track","140","49","P: 40 | C: 40 | B: 60 (incl. ~49 High-Yield PYQs)","Thermal conduction and radiation shortcut formulas","Colligative and Nernst equation shortcuts in Error Book","Plant physiology cycle steps and enzyme locations review",""
"163","DAY 163","3","24","NO","","","","Unit Speed Drill 3: Oscillations, Waves & Electrostatics Fast-Track","Rapid-fire numerical drill covering SHM time periods, Wave sound resonance, Coulomb law, Gauss flux, and Capacitor networks","40 timed oscillations and electrostatics numericals under 45 minutes","40","Unit Speed Drill 3: Oscillations, Waves & Electrostatics Fast-Track","Unit Speed Drill 3: Periodic Classification, Chemical Bonding & Coordination Fast-Track","Rapid-fire drill covering Periodic trend anomalies, VSEPR shapes, MOT bond orders, Coordination IUPAC, CFT splitting, and Isomerism","40 timed inorganic problems under 45 minutes","40","Unit Speed Drill 3: Periodic Classification, Chemical Bonding & Coordination Fast-Track","Unit Speed Drill 3: Human Physiology & Human Reproduction Fast-Track","High-speed line-by-line NCERT drill covering Digestion, Respiration, Circulation, Excretion, Locomotion, Neural, Endocrine, Human Reproduction, and Reproductive Health","60 timed human physiology questions under 30 minutes","60","Unit Speed Drill 3: Human Physiology & Human Reproduction Fast-Track","140","49","P: 40 | C: 40 | B: 60 (incl. ~49 High-Yield PYQs)","Capacitor dielectric insertion energy change rules","Inorganic coordination isomerism identification in Error Book","Human endocrine hormone regulatory loops review",""
"164","DAY 164","3","24","NO","","","","Unit Speed Drill 4: Current Electricity, Magnetism & EMI/AC Fast-Track","Rapid-fire numerical drill covering Kirchhoff circuits, Potentiometer, Biot-Savart, Lorentz force, Motional EMF, Inductance, and LCR resonance","40 timed electrodynamics numericals under 45 minutes","40","Unit Speed Drill 4: Current Electricity, Magnetism & EMI/AC Fast-Track","Unit Speed Drill 4: Hydrocarbons, Haloalkanes & Alcohols Fast-Track","Rapid-fire drill covering Alkene additions, Ozonolysis, SN1/SN2 mechanisms, Saytzeff dehydrohalogenation, Alcohols synthesis, and Phenol named reactions","40 timed organic mechanism problems under 45 minutes","40","Unit Speed Drill 4: Hydrocarbons, Haloalkanes & Alcohols Fast-Track","Unit Speed Drill 4: Molecular Biology, Biotechnology & Ecology Fast-Track","High-speed line-by-line NCERT drill covering DNA Replication, Transcription, Genetic Code, Translation, Lac Operon, rDNA Tools, PCR, Applications, and Ecology","60 timed molecular biology and ecology questions under 30 minutes","60","Unit Speed Drill 4: Molecular Biology, Biotechnology & Ecology Fast-Track","140","49","P: 40 | C: 40 | B: 60 (incl. ~49 High-Yield PYQs)","LCR AC circuit power factor and phasor shortcuts","Organic SN1 vs SN2 reaction solvent and substrate effects in Error Book","Molecular genetics enzymes and operon kinetics review",""
"165","DAY 165","3","24","NO","","","","Unit Speed Drill 5: Optics, Modern Physics & Semiconductors Fast-Track","Rapid-fire numerical drill covering Mirror/Lens formulas, Prism deviation, YDSE fringes, Photoelectric effect, Bohr transitions, Nuclear binding energy, and Diode rectifiers","40 timed modern physics and optics numericals under 45 minutes","40","Unit Speed Drill 5: Optics, Modern Physics & Semiconductors Fast-Track","Unit Speed Drill 5: Carbonyls, Amines, Biomolecules & d/f-Block Fast-Track","Rapid-fire drill covering Aldol, Cannizzaro, Iodoform, Gabriel phthalimide, Hoffmann bromamide, Carbylamine, Diazonium coupling, Carbohydrates, and d-block redox reactions","40 timed organic and transition element problems under 45 minutes","40","Unit Speed Drill 5: Carbonyls, Amines, Biomolecules & d/f-Block Fast-Track","Unit Speed Drill 5: Diversity, Morphology, Anatomy & Animal Kingdom Fast-Track","High-speed line-by-line NCERT drill covering Monera, Protista, Fungi, Algae, Bryophytes, Pteridophytes, Gymnosperms, Animal Phyla, Plant Morphology, and Cockroach Anatomy","60 timed structural organisation questions under 30 minutes","60","Unit Speed Drill 5: Diversity, Morphology, Anatomy & Animal Kingdom Fast-Track","140","49","P: 40 | C: 40 | B: 60 (incl. ~49 High-Yield PYQs)","Lens maker formula with surrounding liquids review","Aldol vs Cannizzaro distinguishing conditions in Error Book","Animal Kingdom phyla distinguishing features review",""
"166","DAY 166","3","24","NO","","","","Inter-Chapter Synthesis 1: Physics Mechanics + Thermal + Waves Integrated Problems","Solving complex multi-chapter numericals linking Mechanics with Thermal expansion, Fluid buoyancy with SHM, and Waves with Thermodynamics","35 advanced synthesis Physics numericals","35","Inter-Chapter Synthesis 1: Physics Mechanics + Thermal + Waves Integrated Problems","Inter-Chapter Synthesis 1: Chemistry Physical + Inorganic Equilibrium & Redox","Solving multi-concept problems linking Ionic Equilibrium with Coordination complex solubility, and Thermodynamics with Electrochemical cell potentials","35 advanced synthesis Chemistry problems","35","Inter-Chapter Synthesis 1: Chemistry Physical + Inorganic Equilibrium & Redox","Inter-Chapter Synthesis 1: Biology Cell + Genetics + Molecular Biology Master Linking","Solving integrated questions connecting Chromosome structure with Mendelian segregation, Gene regulation, and Protein synthesis pathways","50 advanced synthesis Biology questions","50","Inter-Chapter Synthesis 1: Biology Cell + Genetics + Molecular Biology Master Linking","120","42","P: 35 | C: 35 | B: 50 (incl. ~42 High-Yield PYQs)","Multi-concept Physics problem-solving framework review","Equilibrium-Electrochemistry Gibbs energy connections in Error Book","Cell division chromosomal events linked with genetic inheritance",""
"167","DAY 167","3","24","NO","","","","Inter-Chapter Synthesis 2: Physics Electrodynamics + Optics + Modern Integrated Problems","Solving complex multi-chapter numericals linking Electromagnetic waves with Wave optics, Capacitors with Photoelectric circuits, and Bohr orbits with Magnetism","35 advanced synthesis Physics numericals","35","Inter-Chapter Synthesis 2: Physics Electrodynamics + Optics + Modern Integrated Problems","Inter-Chapter Synthesis 2: Chemistry Organic Conversions + Reaction Mechanisms Chain","Solving 15 multi-functional organic conversion chains connecting Alkanes -> Alkyl halides -> Alcohols -> Aldehydes -> Carboxylic acids -> Amines -> Dyes","35 advanced multi-step organic conversion problems","35","Inter-Chapter Synthesis 2: Chemistry Organic Conversions + Reaction Mechanisms Chain","Inter-Chapter Synthesis 2: Biology Plant Physiology + Ecology + Biotechnology Linking","Solving integrated questions connecting Photosynthesis C4 adaptations with Ecosystem productivity, and Genetic engineering with Agriculture biotechnology","50 advanced synthesis Biology questions","50","Inter-Chapter Synthesis 2: Biology Plant Physiology + Ecology + Biotechnology Linking","120","42","P: 35 | C: 35 | B: 50 (incl. ~42 High-Yield PYQs)","Bohr model magnetic dipole moment derivation review","Organic conversion roadmaps synthesis in Error Book","Plant adaptation physiological mechanisms linked with ecological distribution",""
"168","DAY 168","3","24","NO","","","","Physics All-Formula Master Verification (Class 11 & Class 12 Complete 350+ Formulas)","Writing and verifying all 350+ master physics formulas from memory without reference notes: mechanics, fluids, thermal, SHM, waves, electrostatics, current, magnetism, EMI, AC, optics, modern physics, semiconductors","45 formula-speed calculation problems","45","Physics All-Formula Master Verification (Class 11 & Class 12 Complete 350+ Formulas)","Chemistry All-Formula & Reagents Master Verification (All Physical, Inorganic & Organic)","Writing and verifying all physical chemistry equations, inorganic periodic exceptions, coordination CFT rules, and organic named reactions from memory","45 reagent and equation identification problems","45","Chemistry All-Formula & Reagents Master Verification (All Physical, Inorganic & Organic)","Biology All-Scientist, Discoveries & Year Milestones Master Recall","Verbatim active recall of all 45+ scientists, discovery years, and key quantitative facts mentioned in NCERT Biology Class 11 & Class 12","60 NCERT factual and discovery-based MCQs","60","Biology All-Scientist, Discoveries & Year Milestones Master Recall","150","53","P: 45 | C: 45 | B: 60 (incl. ~53 High-Yield PYQs)","Physics formula sheet active recall check","Chemistry reagent master table active recall in Error Book","NCERT Biology scientists and historical milestones list review",""
"169","DAY 169","3","25","NO","","","","Error-Book Master Sweep: Solving High-Difficulty Trap Questions from Phases 1–3","Comprehensive re-solving of the 50 most frequently missed numericals and tricky conceptual questions from the student Error Book across Physics","40 error-book master physics problems solved with step-by-step verification","40","Error-Book Master Sweep: Solving High-Difficulty Trap Questions from Phases 1–3","Error-Book Master Sweep: Solving High-Difficulty Trap Chemistry Questions","Comprehensive re-solving of the 50 most tricky physical chemistry calculations, inorganic exceptions, and organic mechanisms from the Error Book","40 error-book master chemistry problems solved with step-by-step verification","40","Error-Book Master Sweep: Solving High-Difficulty Trap Chemistry Questions","Error-Book Master Sweep: Solving High-Difficulty Trap Biology Questions","Comprehensive review and re-testing of the 60 most difficult Assertion-Reason, Statement-based, and diagram questions previously missed","60 error-book master biology questions solved","60","Error-Book Master Sweep: Solving High-Difficulty Trap Biology Questions","140","49","P: 40 | C: 40 | B: 60 (incl. ~49 High-Yield PYQs)","Final verification of resolved Physics traps","Final verification of resolved Chemistry traps in Error Book","Final verification of resolved Biology traps",""
"170","DAY 170","3","25","YES","","","","Pre-Marathon 3-Subject Rapid Rehearsal Mock (Physics + Chemistry + Biology)","Timed 3-hour rehearsal simulation designed to establish steady pacing, negative marking discipline, and mental stamina before starting the 20 Full Practice Papers Marathon","180 questions timed mock test under 3 hours 20 minutes","180","Pre-Marathon 3-Subject Rapid Rehearsal Mock (Physics + Chemistry + Biology)","Rehearsal Mock Chemistry Review","In-depth analysis of chemistry section","Chemistry post-exam analysis","0","Rehearsal Mock Chemistry Review","Rehearsal Mock Biology Review","In-depth analysis of biology section","Biology post-exam analysis","0","Rehearsal Mock Biology Review","180","63","P: 180 | C: 0 | B: 0 (incl. ~63 High-Yield PYQs)","Complete paper analysis and scoring: establishing personal benchmark score and target score for the Marathon","All lingering doubts resolved and documented in Error Book","Final review of time allocation per subject (Bio: 45 min, Chem: 50 min, Phys: 65 min, Buffer: 40 min)","MILESTONE TEST 18: Pre-Marathon Conditioning Rehearsal Mock (720 Marks)"
"171","DAY 171","3","25","NO","","","","Physics Time-Management Sprint: 45 Questions in 55 Minutes","Speed conditioning: solving a mixed set of 45 Physics questions under strict 55-minute constraint to build exam speed and accuracy","45 timed mixed Physics questions","45","Physics Time-Management Sprint: 45 Questions in 55 Minutes","Chemistry Time-Management Sprint: 45 Questions in 45 Minutes","Speed conditioning: solving a mixed set of 45 Chemistry questions under strict 45-minute constraint","45 timed mixed Chemistry questions","45","Chemistry Time-Management Sprint: 45 Questions in 45 Minutes","Biology Time-Management Sprint: 90 Questions in 40 Minutes","Speed conditioning: solving a mixed set of 90 NCERT Biology questions under strict 40-minute constraint","90 timed mixed Biology questions","90","Biology Time-Management Sprint: 90 Questions in 40 Minutes","180","63","P: 45 | C: 45 | B: 90 (incl. ~63 High-Yield PYQs)","Analyze question selection efficiency in timed sprints","Document any calculation slowdowns in Error Book","Evaluate NCERT line recognition speed in Biology",""
"172","DAY 172","3","25","NO","","","","Physics Accuracy Conditioning: Zero-Negative-Marking Drill","Solving 40 medium-to-hard Physics numericals with an absolute focus on 100% accuracy, careful reading of options, and unit checking","40 accuracy-focused Physics numericals","40","Physics Accuracy Conditioning: Zero-Negative-Marking Drill","Chemistry Accuracy Conditioning: Zero-Negative-Marking Drill","Solving 40 medium-to-hard Chemistry questions with focus on elimination of silly mistakes in signs, stoichiometry, and IUPAC rules","40 accuracy-focused Chemistry questions","40","Chemistry Accuracy Conditioning: Zero-Negative-Marking Drill","Biology Accuracy Conditioning: Statement & Assertion-Reason Specialist Drill","Solving 60 Assertion-Reason and Statement I & II questions with focus on identifying subtle NCERT qualifying words (all, none, always, usually, only)","60 assertion-reason and statement questions","60","Biology Accuracy Conditioning: Statement & Assertion-Reason Specialist Drill","140","49","P: 40 | C: 40 | B: 60 (incl. ~49 High-Yield PYQs)","Audit of any incorrect assumptions made in accuracy drill","Check unit conversions (cm to m, eV to Joules, atm to Pa) in Error Book","Analyze Assertion-Reason logic verification steps",""
"173","DAY 173","3","25","NO","","","","NCERT Physics Hidden Line & Graph Sprint (Class 11 & Class 12)","Active review of all graphs and summary points from NCERT Physics textbooks: kinematics graphs, v-t, x-t, potential curves, E-r, B-r, LCR resonance curves, stopping potential vs frequency, binding energy curve","35 graph-interpretation and conceptual questions","35","NCERT Physics Hidden Line & Graph Sprint (Class 11 & Class 12)","NCERT Chemistry Exemplar Problems Drill (Class 11 & Class 12)","Solving high-yield conceptual problems from NCERT Chemistry Exemplar across Physical, Inorganic, and Organic Chemistry","40 NCERT Exemplar Chemistry problems","40","NCERT Chemistry Exemplar Problems Drill (Class 11 & Class 12)","NCERT Biology Exemplar Problems Drill (Class 11 & Class 12)","Solving high-yield tricky and analytical problems from NCERT Biology Exemplar across all 10 units","60 NCERT Exemplar Biology questions","60","NCERT Biology Exemplar Problems Drill (Class 11 & Class 12)","135","47","P: 35 | C: 40 | B: 60 (incl. ~47 High-Yield PYQs)","NCERT Physics graphs compilation review","NCERT Chemistry Exemplar tricky questions in Error Book","NCERT Biology Exemplar analytical questions review",""
"174","DAY 174","3","25","NO","","","","Physics High-Weightage Chapters Consolidation (Current, Mechanics, Optics, Modern)","Targeted reinforcement of the 4 highest-weightage Physics units that account for over 65% of the NEET Physics paper","40 high-yield targeted numericals","40","Physics High-Weightage Chapters Consolidation (Current, Mechanics, Optics, Modern)","Chemistry High-Weightage Chapters Consolidation (Coordination, Carbonyls, Thermodynamics, Electro)","Targeted reinforcement of the 4 highest-weightage Chemistry units that account for maximum marks in NEET Chemistry","40 high-yield targeted problems","40","Chemistry High-Weightage Chapters Consolidation (Coordination, Carbonyls, Thermodynamics, Electro)","Biology High-Weightage Units Consolidation (Genetics, Human Physiology, Ecology, Biotech)","Targeted reinforcement of the 4 highest-weightage Biology units that account for over 55% of the NEET Biology paper","65 high-yield targeted NCERT MCQs","65","Biology High-Weightage Units Consolidation (Genetics, Human Physiology, Ecology, Biotech)","145","51","P: 40 | C: 40 | B: 65 (incl. ~51 High-Yield PYQs)","High-weightage chapter key shortcut sheet review","High-weightage chemistry reaction chains in Error Book","High-weightage biology chapters master flowchart review",""
"175","DAY 175","3","25","NO","","","","Physics Formula Flashcard Drill & Unit Conversions Speed Check","Rapid flashcard testing of all formulas, constants (h, c, e, me, G, R, k, ε₀, μ₀, σ), and dimensional formulas of difficult physical quantities","40 speed flashcard calculation problems","40","Physics Formula Flashcard Drill & Unit Conversions Speed Check","Chemistry Reagents & Trends Flashcard Drill","Rapid flashcard testing of all reagents, reaction conditions, oxidation states, and periodic trends","40 speed flashcard chemistry problems","40","Chemistry Reagents & Trends Flashcard Drill","Biology NCERT Diagram & Table Flashcard Drill","Rapid flashcard testing of all 80+ NCERT diagrams (labeling blind tests) and summary tables across Class 11 & Class 12","60 diagram-based flashcard questions","60","Biology NCERT Diagram & Table Flashcard Drill","140","49","P: 40 | C: 40 | B: 60 (incl. ~49 High-Yield PYQs)","Physical constants and dimensional formulas review","Organic reagents function summary in Error Book","NCERT Biology blind diagram labeling check",""
"176","DAY 176","3","26","NO","","","","Physics 5-Year NEET PYQ Trend Analysis & Most Repeated Patterns","Solving the most frequently repeated question archetypes from 2020 to 2026 NEET papers across all Physics units","40 NEET pattern-aligned numericals","40","Physics 5-Year NEET PYQ Trend Analysis & Most Repeated Patterns","Chemistry 5-Year NEET PYQ Trend Analysis & Most Repeated Patterns","Solving the most frequently repeated question archetypes from 2020 to 2026 NEET papers across Physical, Inorganic, and Organic Chemistry","40 NEET pattern-aligned Chemistry questions","40","Chemistry 5-Year NEET PYQ Trend Analysis & Most Repeated Patterns","Biology 5-Year NEET PYQ Trend Analysis & Most Repeated Patterns","Solving the most frequently repeated question archetypes from 2020 to 2026 NEET papers with focus on recent paper patterns","60 NEET pattern-aligned Biology questions","60","Biology 5-Year NEET PYQ Trend Analysis & Most Repeated Patterns","140","49","P: 40 | C: 40 | B: 60 (incl. ~49 High-Yield PYQs)","Identify recurring numerical patterns and traps in Physics","Note recurring examiner favorite reactions in Error Book","Analyze recent trends in Biology statement and matching questions",""
"177","DAY 177","3","26","NO","","","","Physics Multi-Concept Mixed Drill (Simulating Section B Choices)","Practicing Section B type multi-concept numericals with focus on rapid selection of the best 10 questions out of 15","35 multi-concept numericals with question-selection strategy practice","35","Physics Multi-Concept Mixed Drill (Simulating Section B Choices)","Chemistry Multi-Concept Mixed Drill (Simulating Section B Choices)","Practicing Section B type multi-concept problems with focus on rapid selection of the best 10 questions out of 15","35 multi-concept problems with question-selection strategy practice","35","Chemistry Multi-Concept Mixed Drill (Simulating Section B Choices)","Biology Section B Strategy Practice Drill","Practicing Section B type analytical and experimental questions with focus on picking the 10 safest questions out of 15 in Botany and Zoology","50 Section B type questions with selection strategy","50","Biology Section B Strategy Practice Drill","120","42","P: 35 | C: 35 | B: 50 (incl. ~42 High-Yield PYQs)","Section B question selection protocol refinement","Avoid high-risk numerical traps in Error Book","Section B negative marking avoidance guidelines review",""
"178","DAY 178","3","26","NO","","","","Complete NCERT Biology Rapid Visual Sweep (All 38 Chapters)","High-speed visual flipping through every page of NCERT Biology Class 11 and Class 12, focusing on highlighted terms, side notes, figures, and summary paragraphs","50 visual recognition NCERT questions","50","Complete NCERT Biology Rapid Visual Sweep (All 38 Chapters)","Chemistry Final Master Checklist & Formula Sealing","Final verification of all 28 Chemistry chapters: physical formulas, inorganic exceptions, and organic reaction pathways","40 checklist verification problems","40","Chemistry Final Master Checklist & Formula Sealing","Physics Final Master Checklist & Formula Sealing","Final verification of all 28 Physics chapters: core formulas, derivations, graphs, and shortcut methods","40 checklist verification numericals","40","Physics Final Master Checklist & Formula Sealing","130","46","P: 50 | C: 40 | B: 40 (incl. ~46 High-Yield PYQs)","NCERT Biology complete textbook mental mapping","Chemistry master checklist sealed in Error Book","Physics master checklist sealed",""
"179","DAY 179","3","26","NO","","","","Grand Marathon Eve Mental Conditioning & Strategy Finalization","Reviewing the complete 20-Day Practice Paper Marathon roadmap (Days 181 to 200: 20 Full Practice Papers, 1 Paper Every Day, 720 Marks each, exactly 14,400 marks of practice by Day 200!)","25 light warm-up Physics mixed numericals","25","Grand Marathon Eve Mental Conditioning & Strategy Finalization","Chemistry Marathon Eve Light Conditioning","Light warm-up multi-topic revision across Physical, Inorganic, and Organic","25 light warm-up Chemistry MCQs","25","Chemistry Marathon Eve Light Conditioning","Biology Marathon Eve Light Conditioning","Light warm-up review of favorite NCERT topics and scientist names","40 light warm-up Biology MCQs","40","Biology Marathon Eve Light Conditioning","90","31","P: 25 | C: 25 | B: 40 (incl. ~31 High-Yield PYQs)","Exam desk setup, OMR sheets printed/arranged, timer configured, water bottle ready","Error Book organized with 20 fresh double-spread pages for the 20 Marathon Practice Papers","Mental visualization of calm, focused 200-minute exam performance",""
"180","DAY 180","3","26","YES","","","","GRAND MILESTONE OF PHASE 3: Complete Syllabus Master Gateway Exam (720 Marks)","Full-dress rehearsal NEET exam before commencing the 20-Paper Marathon: 45 Physics + 45 Chemistry + 90 Biology (Total 180 Questions, 720 Marks) under exact 3h 20m exam conditions (2:00 PM to 5:20 PM)","Comprehensive 3-subject paper analysis, scoring, error classification, and final celebratory kickoff of the 20 Full-Length Practice Papers Marathon starting tomorrow on Day 181!","180","GRAND MILESTONE OF PHASE 3: Complete Syllabus Master Gateway Exam (720 Marks)","Gateway Exam Chemistry Review","Post-exam chemistry analysis and final calibration","Post-exam chemistry review","0","Gateway Exam Chemistry Review","Gateway Exam Biology Review","Post-exam biology analysis and final calibration","Post-exam biology review","0","Gateway Exam Biology Review","180","63","P: 180 | C: 0 | B: 0 (incl. ~63 High-Yield PYQs)","Phase 3 Completed! 100% of all 97 syllabus chapters across Class 11 and Class 12 have been studied, practiced, and thoroughly revised twice over!","ALL SYSTEMS READY FOR PHASE 4: THE 20 FULL-LENGTH PRACTICE PAPERS MARATHON (Days 181–200)! By Day 200, all 20 practice papers and complete syllabus will be 100% conquered!","100% complete syllabus revision certified across all 97 NEET chapters","PHASE 3 GRAND FINALE: Master Gateway Rehearsal Exam (720 Marks) — READY FOR 20-PAPER MARATHON!"
"181","DAY 181","4","26","YES","1","Full-Length Practice Paper 1: Baseline All-India NTA Simulation","3 Hours 20 Minutes (2:00 PM – 5:20 PM)","Physics: Paper 1 Weak-Area Post-Mortem & Mechanics Traps Review","Analyze every missed Physics question from Paper 1; re-solve mechanics, kinematics, and energy conservation numericals with alternative fast methods","Re-solve all missed Paper 1 Physics questions + 20 targeted mechanics speed numericals","20","Physics: Paper 1 Weak-Area Post-Mortem & Mechanics Traps Review","Chemistry: Paper 1 Weak-Area Post-Mortem & Stoichiometry Re-Check","Analyze every missed Chemistry question from Paper 1; verify mole calculations, thermodynamic signs, and redox balancing steps","Re-solve all missed Paper 1 Chemistry questions + 20 targeted physical chemistry numericals","20","Chemistry: Paper 1 Weak-Area Post-Mortem & Stoichiometry Re-Check","Biology: Paper 1 NCERT Line Trace & Analysis","Verify page numbers in NCERT for every missed Biology question from Paper 1; re-read referenced paragraphs in Cell Biology and Genetics","Re-solve all missed Paper 1 Biology questions + 30 targeted NCERT line-based MCQs","30","Biology: Paper 1 NCERT Line Trace & Analysis","70","28","P: 20 | C: 20 | B: 30 (+ Full 180-Question Mock Exam = 250 Questions Today)","Post-Paper 1 Forensic Audit: Calculate accuracy %, subject-wise marks (P/C/B), and total score out of 720","Error Book Entry: Record all Paper 1 mistakes categorized into Concept, Calculation, or Reading errors","NCERT Biology: Cell Biology and Genetics chapters review based on Paper 1 findings","Full-Length Practice Paper 1 (720 Marks) from 2:00 PM to 5:20 PM"
"182","DAY 182","4","26","YES","2","Full-Length Practice Paper 2: Time-Pacing & Speed Optimization","3 Hours 20 Minutes (2:00 PM – 5:20 PM)","Physics: Paper 2 Electrodynamics & Circuit Analysis","Detailed review of Paper 2 questions on Gauss law, capacitance networks, Kirchhoff loops, and magnetic force trajectories","Re-solve all missed Paper 2 Physics questions + 20 targeted electrodynamics numericals","20","Physics: Paper 2 Electrodynamics & Circuit Analysis","Chemistry: Paper 2 Solutions, Electrochemistry & Kinetics Focus","Detailed review of Paper 2 questions on colligative properties, Nernst cell potentials, and 1st order integrated rate equations","Re-solve all missed Paper 2 Chemistry questions + 20 targeted electrochemistry calculations","20","Chemistry: Paper 2 Solutions, Electrochemistry & Kinetics Focus","Biology: Paper 2 Human Physiology & Health Line Trace","Verify NCERT lines for questions missed in Digestion, Respiration, Circulation, Excretion, and Human Health","Re-solve all missed Paper 2 Biology questions + 30 targeted Human Physiology MCQs","30","Biology: Paper 2 Human Physiology & Health Line Trace","70","28","P: 20 | C: 20 | B: 30 (+ Full 180-Question Mock Exam = 250 Questions Today)","Post-Paper 2 Forensic Audit: Compare subject time splits against targets (Bio 40m, Chem 50m, Phys 65m)","Error Book Entry: Record all Paper 2 mistakes and note any questions where time pressure caused errors","NCERT Biology: Human Physiology high-weightage tables and graphs review","Full-Length Practice Paper 2 (720 Marks) from 2:00 PM to 5:20 PM"
"183","DAY 183","4","27","YES","3","Full-Length Practice Paper 3: Negative Marking Reduction Drill","3 Hours 20 Minutes (2:00 PM – 5:20 PM)","Physics: Paper 3 Rotational Dynamics & Gravitation Rectification","Targeted problem solving on moment of inertia, rolling on inclines, angular momentum conservation, and orbital mechanics from Paper 3","Re-solve all missed Paper 3 Physics questions + 20 targeted rotation numericals","20","Physics: Paper 3 Rotational Dynamics & Gravitation Rectification","Chemistry: Paper 3 Equilibrium & Coordination Chemistry Rectification","Targeted problem solving on buffer solutions, solubility products, Werner valencies, and crystal field splitting from Paper 3","Re-solve all missed Paper 3 Chemistry questions + 20 targeted equilibrium and coordination MCQs","20","Chemistry: Paper 3 Equilibrium & Coordination Chemistry Rectification","Biology: Paper 3 Plant Physiology & Ecology Rectification","Targeted review of Photosynthesis Z-scheme, C4 pathway, Respiration ETS, population growth curves, and ecological pyramids from Paper 3","Re-solve all missed Paper 3 Biology questions + 30 targeted Plant Physiology MCQs","30","Biology: Paper 3 Plant Physiology & Ecology Rectification","70","28","P: 20 | C: 20 | B: 30 (+ Full 180-Question Mock Exam = 250 Questions Today)","Post-Paper 3 Forensic Audit: Track negative marks reduction compared to Papers 1 and 2","Error Book Entry: Categorize negative marks — eliminate unforced speculative guesses permanently","NCERT Biology: Plant Physiology and Ecology summary points review","Full-Length Practice Paper 3 (720 Marks) from 2:00 PM to 5:20 PM"
"184","DAY 184","4","27","YES","4","Full-Length Practice Paper 4: High Calculation Density Simulation","3 Hours 20 Minutes (2:00 PM – 5:20 PM)","Physics: Paper 4 Modern Physics & Semiconductor Calculation Review","Fast-track re-solving of photoelectric equations, de Broglie wavelengths, Bohr transitions, mass defect, and diode circuits from Paper 4","Re-solve all missed Paper 4 Physics questions + 20 targeted Modern Physics numericals","20","Physics: Paper 4 Modern Physics & Semiconductor Calculation Review","Chemistry: Paper 4 Organic Named Reactions & Conversions Check","Review of Paper 4 organic mechanisms: Aldol, Cannizzaro, Reimer-Tiemann, Kolbe, Gabriel phthalimide, and Hoffmann bromamide","Re-solve all missed Paper 4 Chemistry questions + 20 targeted organic conversion problems","20","Chemistry: Paper 4 Organic Named Reactions & Conversions Check","Biology: Paper 4 Reproduction & Biotechnology NCERT Trace","Review of Paper 4 questions on flowering plant embryology, human gametogenesis, pBR322 vector features, PCR, and cry toxins","Re-solve all missed Paper 4 Biology questions + 30 targeted Biotechnology MCQs","30","Biology: Paper 4 Reproduction & Biotechnology NCERT Trace","70","28","P: 20 | C: 20 | B: 30 (+ Full 180-Question Mock Exam = 250 Questions Today)","Post-Paper 4 Forensic Audit: Evaluate calculation speed and rough-work organization efficiency","Error Book Entry: Record all numerical calculation traps encountered in Paper 4","NCERT Biology: Biotechnology and Reproduction diagrams review","Full-Length Practice Paper 4 (720 Marks) from 2:00 PM to 5:20 PM"
"185","DAY 185","4","27","YES","5","Full-Length Practice Paper 5: Statement & Assertion-Reason Heavy Paper","3 Hours 20 Minutes (2:00 PM – 5:20 PM)","Physics: Paper 5 Conceptual & Assertion-Reason Analysis","Deep-dive into missed conceptual questions on thermodynamics, wave optics, and electromagnetic induction from Paper 5","Re-solve all missed Paper 5 Physics questions + 20 targeted conceptual problems","20","Physics: Paper 5 Conceptual & Assertion-Reason Analysis","Chemistry: Paper 5 Periodic Trends & Chemical Bonding Deep-Dive","Deep-dive into missed questions on ionization enthalpy exceptions, electron gain enthalpies, VSEPR shapes, and MOT bond orders","Re-solve all missed Paper 5 Chemistry questions + 20 targeted bonding and periodic MCQs","20","Chemistry: Paper 5 Periodic Trends & Chemical Bonding Deep-Dive","Biology: Paper 5 Diversity & Animal Kingdom NCERT Trace","Deep-dive into missed questions on biological classification, fungal classes, plant divisions, and animal phyla key characteristics","Re-solve all missed Paper 5 Biology questions + 30 targeted Diversity in Living World MCQs","30","Biology: Paper 5 Diversity & Animal Kingdom NCERT Trace","70","28","P: 20 | C: 20 | B: 30 (+ Full 180-Question Mock Exam = 250 Questions Today)","Post-Paper 5 Forensic Audit: Evaluate success rate on Assertion-Reason and Statement-based questions","Error Book Entry: Record all reasoning fallacies and qualifying word traps (only, always, all)","NCERT Biology: Diversity in Living World classification tables review","Full-Length Practice Paper 5 (720 Marks) from 2:00 PM to 5:20 PM"
"186","DAY 186","4","27","YES","6","Full-Length Practice Paper 6: Section B Selection Strategy Master Rehearsal","3 Hours 20 Minutes (2:00 PM – 5:20 PM)","Physics: Paper 6 Section B Review & Fluid Dynamics Drill","Detailed analysis of Paper 6 Section B choices; re-solving surface tension, viscosity, and Bernoulli numericals with clean steps","Re-solve all missed Paper 6 Physics questions + 20 targeted fluids numericals","20","Physics: Paper 6 Section B Review & Fluid Dynamics Drill","Chemistry: Paper 6 Section B Review & Thermodynamics Deep-Dive","Detailed analysis of Paper 6 Section B choices; re-solving enthalpy of reaction, entropy, and Gibbs free energy calculations","Re-solve all missed Paper 6 Chemistry questions + 20 targeted thermodynamics problems","20","Chemistry: Paper 6 Section B Review & Thermodynamics Deep-Dive","Biology: Paper 6 Section B Review & Structural Organisation Trace","Detailed analysis of Paper 6 Section B choices; re-reading plant morphology placentation, anatomy of dicot/monocot stem, and cockroach systems","Re-solve all missed Paper 6 Biology questions + 30 targeted Structural Organisation MCQs","30","Biology: Paper 6 Section B Review & Structural Organisation Trace","70","28","P: 20 | C: 20 | B: 30 (+ Full 180-Question Mock Exam = 250 Questions Today)","Post-Paper 6 Forensic Audit: Score Section B efficiency (aiming for 40/40 in Biology B, 36+/40 in Chem B, 36+/40 in Phys B)","Error Book Entry: Document any poorly selected Section B questions and why alternative choices were better","NCERT Biology: Plant Morphology and Cockroach anatomy diagrams review","Full-Length Practice Paper 6 (720 Marks) from 2:00 PM to 5:20 PM"
"187","DAY 187","4","27","YES","7","Full-Length Practice Paper 7: Peak Consistency & 650+ Score Target","3 Hours 20 Minutes (2:00 PM – 5:20 PM)","Physics: Paper 7 Ray & Wave Optics Deep Review","Detailed post-mortem of Paper 7 questions on prism deviation, lens combinations, astronomical telescope, and YDSE fringe width","Re-solve all missed Paper 7 Physics questions + 20 targeted optics numericals","20","Physics: Paper 7 Ray & Wave Optics Deep Review","Chemistry: Paper 7 d & f-Block and Carbonyl Compounds Review","Detailed post-mortem of Paper 7 questions on transition element magnetic moments, KMnO4 reactions, and Aldol/Cannizzaro reactions","Re-solve all missed Paper 7 Chemistry questions + 20 targeted inorganic and carbonyl MCQs","20","Chemistry: Paper 7 d & f-Block and Carbonyl Compounds Review","Biology: Paper 7 Molecular Genetics & Evolution Trace","Detailed post-mortem of Paper 7 questions on DNA replication fork enzymes, genetic code, Lac operon, and Hardy-Weinberg equilibrium","Re-solve all missed Paper 7 Biology questions + 30 targeted Molecular Genetics MCQs","30","Biology: Paper 7 Molecular Genetics & Evolution Trace","70","28","P: 20 | C: 20 | B: 30 (+ Full 180-Question Mock Exam = 250 Questions Today)","Post-Paper 7 Forensic Audit: Weekly 7-Paper Marathon Milestone Review — analyze score trends from Paper 1 to 7","Error Book Entry: Consolidate the 10 most recurring weak spots identified across the first 7 Marathon Papers","NCERT Biology: Molecular Basis of Inheritance key diagrams and tables review","Full-Length Practice Paper 7 (720 Marks) from 2:00 PM to 5:20 PM"
"188","DAY 188","4","27","YES","8","Full-Length Practice Paper 8: Real-Time Exam Pressure Simulation (2:00 PM – 5:20 PM)","3 Hours 20 Minutes (2:00 PM – 5:20 PM)","Physics: Paper 8 Thermal Physics & SHM Analysis","Re-solving questions on calorimetry, thermal conduction composite slabs, PV work in cyclic processes, and simple harmonic motion equations","Re-solve all missed Paper 8 Physics questions + 20 targeted thermal and SHM numericals","20","Physics: Paper 8 Thermal Physics & SHM Analysis","Chemistry: Paper 8 Organic Functional Group Conversions Review","Re-solving questions on multi-step organic synthesis, haloalkane eliminations, and amine basicity orders from Paper 8","Re-solve all missed Paper 8 Chemistry questions + 20 targeted organic conversion problems","20","Chemistry: Paper 8 Organic Functional Group Conversions Review","Biology: Paper 8 Ecology & Environmental Issues Trace","Review of Paper 8 questions on Allen rule adaptations, population interactions, ecosystem productivity, and biodiversity conservation","Re-solve all missed Paper 8 Biology questions + 30 targeted Ecology MCQs","30","Biology: Paper 8 Ecology & Environmental Issues Trace","70","28","P: 20 | C: 20 | B: 30 (+ Full 180-Question Mock Exam = 250 Questions Today)","Post-Paper 8 Forensic Audit: Assess biological clock alertness during 2:00 PM – 5:20 PM window","Error Book Entry: Note any afternoon fatigue patterns and adjust pre-exam hydration and nutrition","NCERT Biology: Ecology summary and national parks / sanctuaries list review","Full-Length Practice Paper 8 (720 Marks) from 2:00 PM to 5:20 PM"
"189","DAY 189","4","27","YES","9","Full-Length Practice Paper 9: All-India Test Series Level High-Difficulty Paper","3 Hours 20 Minutes (2:00 PM – 5:20 PM)","Physics: Paper 9 Multi-Concept Physics Master Rectification","Deconstruct and solve the top 8 most difficult Physics problems from Paper 9 step by step, deriving all intermediate relations","Re-solve all missed Paper 9 Physics questions + 20 high-difficulty multi-concept numericals","20","Physics: Paper 9 Multi-Concept Physics Master Rectification","Chemistry: Paper 9 Physical & Inorganic Chemistry High-Level Review","Deconstruct and solve tricky numericals on ionic equilibrium precipitation, galvanic cell EMF, and coordination isomerism from Paper 9","Re-solve all missed Paper 9 Chemistry questions + 20 challenging chemistry problems","20","Chemistry: Paper 9 Physical & Inorganic Chemistry High-Level Review","Biology: Paper 9 Analytical Genetics & Pedigree Deep-Dive","Deconstruct and solve challenging pedigree charts, chromosome mapping distances, and Lac operon mutant phenotype questions from Paper 9","Re-solve all missed Paper 9 Biology questions + 30 challenging genetics and biotech MCQs","30","Biology: Paper 9 Analytical Genetics & Pedigree Deep-Dive","70","28","P: 20 | C: 20 | B: 30 (+ Full 180-Question Mock Exam = 250 Questions Today)","Post-Paper 9 Forensic Audit: Measure resilience and composure under high difficulty conditions","Error Book Entry: Record high-difficulty concepts and ensure no fundamental misunderstandings remain","NCERT Biology: Pedigree analysis symbols and Mendelian disorder inheritance patterns review","Full-Length Practice Paper 9 (720 Marks) from 2:00 PM to 5:20 PM"
"190","DAY 190","4","28","YES","10","Full-Length Practice Paper 10: Halfway Marathon Benchmark Exam (720 Marks)","3 Hours 20 Minutes (2:00 PM – 5:20 PM)","Physics: Paper 10 Comprehensive 14-Chapter Post-Mortem","Full review of Paper 10 Physics performance; targeted drill on the top 3 chapters with the highest error density","Re-solve all missed Paper 10 Physics questions + 20 targeted high-density chapter numericals","20","Physics: Paper 10 Comprehensive 14-Chapter Post-Mortem","Chemistry: Paper 10 Comprehensive 10-Chapter Post-Mortem","Full review of Paper 10 Chemistry performance; targeted drill on weak-spot physical formulas and named reactions","Re-solve all missed Paper 10 Chemistry questions + 20 targeted weak-spot chemistry problems","20","Chemistry: Paper 10 Comprehensive 10-Chapter Post-Mortem","Biology: Paper 10 Comprehensive 13-Chapter NCERT Review","Full review of Paper 10 Biology performance; targeted reading of the 5 NCERT chapters with any incorrect questions","Re-solve all missed Paper 10 Biology questions + 30 targeted NCERT line MCQs","30","Biology: Paper 10 Comprehensive 13-Chapter NCERT Review","70","28","P: 20 | C: 20 | B: 30 (+ Full 180-Question Mock Exam = 250 Questions Today)","Post-Paper 10 Midpoint Audit: Comprehensive 10-Paper statistical review — track average score, best score, and remaining gap to 680+","Error Book Entry: Midpoint Error Book consolidation — seal all 100+ resolved errors from Papers 1 to 10","NCERT Biology: High-frequency question topics review across both Class 11 and 12","Full-Length Practice Paper 10 (720 Marks) from 2:00 PM to 5:20 PM"
"191","DAY 191","4","28","YES","11","Full-Length Practice Paper 11: Speed Calibration & 180-Minute Challenge","3 Hours 20 Minutes (2:00 PM – 5:20 PM)","Physics: Paper 11 Speed Solutions & Shortcut Methods","Review all Paper 11 Physics questions and re-solve each using dimensional analysis, proportional reasoning, or graphical shortcuts","Re-solve all missed Paper 11 Physics questions + 20 speed shortcut numericals","20","Physics: Paper 11 Speed Solutions & Shortcut Methods","Chemistry: Paper 11 Speed Solutions & Elimination Techniques","Review all Paper 11 Chemistry questions with focus on option elimination techniques in organic and inorganic sections","Re-solve all missed Paper 11 Chemistry questions + 20 speed chemistry problems","20","Chemistry: Paper 11 Speed Solutions & Elimination Techniques","Biology: Paper 11 Ultra-Fast NCERT Line Recognition Drill","Review all Paper 11 Biology questions, timing recognition of key NCERT phrases and keywords","Re-solve all missed Paper 11 Biology questions + 30 rapid-recognition Biology MCQs","30","Biology: Paper 11 Ultra-Fast NCERT Line Recognition Drill","70","28","P: 20 | C: 20 | B: 30 (+ Full 180-Question Mock Exam = 250 Questions Today)","Post-Paper 11 Forensic Audit: Assess accuracy trade-offs when operating under accelerated 180-minute pacing","Error Book Entry: Identify whether speed caused any careless mistakes and set optimal pacing threshold","NCERT Biology: Rapid visual review of diagrams and side notes in Class 11 Biology","Full-Length Practice Paper 11 (720 Marks) from 2:00 PM to 5:20 PM"
"192","DAY 192","4","28","YES","12","Full-Length Practice Paper 12: Precision Focus & Zero-Silly-Mistakes Drill","3 Hours 20 Minutes (2:00 PM – 5:20 PM)","Physics: Paper 12 Error Prevention & Unit Consistency Check","Analyze every mark lost in Paper 12 Physics: verify SI unit conversions (cm to m, μF to F, MeV to Joules) and trigonometric angles","Re-solve all missed Paper 12 Physics questions + 20 precision numericals","20","Physics: Paper 12 Error Prevention & Unit Consistency Check","Chemistry: Paper 12 Sign Conventions & Stoichiometry Precision","Analyze every mark lost in Paper 12 Chemistry: verify thermodynamic sign conventions (q, w, ΔH, ΔS), oxidation numbers, and n-factors","Re-solve all missed Paper 12 Chemistry questions + 20 precision chemistry problems","20","Chemistry: Paper 12 Sign Conventions & Stoichiometry Precision","Biology: Paper 12 Negative Qualifier Specialist Review","Analyze every mark lost in Paper 12 Biology: review all questions containing ""NOT"", ""INCORRECT"", ""EXCEPT"", ""FALSE"" from Paper 12","Re-solve all missed Paper 12 Biology questions + 30 negative qualifier Biology MCQs","30","Biology: Paper 12 Negative Qualifier Specialist Review","70","28","P: 20 | C: 20 | B: 30 (+ Full 180-Question Mock Exam = 250 Questions Today)","Post-Paper 12 Forensic Audit: Count silly mistakes vs genuine conceptual gaps (target: ZERO silly mistakes)","Error Book Entry: Update the ""Silly Mistake Blacklist"" with specific habits that caused lost marks","NCERT Biology: Rapid visual review of diagrams and side notes in Class 12 Biology","Full-Length Practice Paper 12 (720 Marks) from 2:00 PM to 5:20 PM"
"193","DAY 193","4","28","YES","13","Full-Length Practice Paper 13: High-Yield Diagram & Graph Specialist Paper","3 Hours 20 Minutes (2:00 PM – 5:20 PM)","Physics: Paper 13 Graphs & Wavefront Diagrams Review","Detailed post-mortem of Paper 13 questions on v-t graphs, potential energy curves, LCR resonance graphs, and photoelectric stopping potential curves","Re-solve all missed Paper 13 Physics questions + 20 targeted graph interpretation numericals","20","Physics: Paper 13 Graphs & Wavefront Diagrams Review","Chemistry: Paper 13 Unit Cell & Reaction Coordinate Curves Review","Detailed post-mortem of Paper 13 questions on Arrhenius activation energy plots, Raoult vapor pressure curves, and titration curves","Re-solve all missed Paper 13 Chemistry questions + 20 targeted curve and diagram problems","20","Chemistry: Paper 13 Unit Cell & Reaction Coordinate Curves Review","Biology: Paper 13 NCERT Diagram Blind-Test Post-Mortem","Detailed post-mortem of Paper 13 questions based on NCERT figures: embryo sac, blastocyst, antibody, pBR322, ecological pyramids, and human organs","Re-solve all missed Paper 13 Biology questions + 30 targeted diagram-based MCQs","30","Biology: Paper 13 NCERT Diagram Blind-Test Post-Mortem","70","28","P: 20 | C: 20 | B: 30 (+ Full 180-Question Mock Exam = 250 Questions Today)","Post-Paper 13 Forensic Audit: Evaluate diagram and graph decoding speed and accuracy","Error Book Entry: Record all visual and graph-interpretation pitfalls encountered in Paper 13","NCERT Biology: Comprehensive review of all 48 Class 12 NCERT diagrams","Full-Length Practice Paper 13 (720 Marks) from 2:00 PM to 5:20 PM"
"194","DAY 194","4","28","YES","14","Full-Length Practice Paper 14: Two-Weeks Marathon Milestone Exam (720 Marks)","3 Hours 20 Minutes (2:00 PM – 5:20 PM)","Physics: Paper 14 Electrodynamics & Optics Master Review","Comprehensive review of electrostatics, current, magnetism, EMI, AC, ray optics, and wave optics questions from Paper 14","Re-solve all missed Paper 14 Physics questions + 20 targeted electrodynamics numericals","20","Physics: Paper 14 Electrodynamics & Optics Master Review","Chemistry: Paper 14 Organic & Physical Chemistry Master Review","Comprehensive review of solutions, kinetics, electrochemistry, carbonyls, and amines questions from Paper 14","Re-solve all missed Paper 14 Chemistry questions + 20 targeted physical and organic problems","20","Chemistry: Paper 14 Organic & Physical Chemistry Master Review","Biology: Paper 14 Genetics, Biotech & Human Physiology Master Review","Comprehensive review of high-weightage units: Mendelian genetics, molecular genetics, biotechnology, and human physiology from Paper 14","Re-solve all missed Paper 14 Biology questions + 30 targeted high-weightage MCQs","30","Biology: Paper 14 Genetics, Biotech & Human Physiology Master Review","70","28","P: 20 | C: 20 | B: 30 (+ Full 180-Question Mock Exam = 250 Questions Today)","Post-Paper 14 Forensic Audit: 14-Paper Marathon analysis — evaluate score stability across consecutive papers","Error Book Entry: Consolidate all entries from Week 2 of the Marathon; verify all previous doubts are resolved","NCERT Biology: High-weightage unit summary points active recall","Full-Length Practice Paper 14 (720 Marks) from 2:00 PM to 5:20 PM"
"195","DAY 195","4","28","YES","15","Full-Length Practice Paper 15: Final 6-Paper Countdown Kickoff","3 Hours 20 Minutes (2:00 PM – 5:20 PM)","Physics: Paper 15 Mechanics & Modern Physics Focus","Detailed review of questions missed in Newton laws, rotation, photoelectric effect, and Bohr model from Paper 15","Re-solve all missed Paper 15 Physics questions + 20 targeted numericals","20","Physics: Paper 15 Mechanics & Modern Physics Focus","Chemistry: Paper 15 Equilibrium & Coordination Compounds Focus","Detailed review of questions missed in chemical/ionic equilibrium, buffer solutions, and coordination complexes from Paper 15","Re-solve all missed Paper 15 Chemistry questions + 20 targeted problems","20","Chemistry: Paper 15 Equilibrium & Coordination Compounds Focus","Biology: Paper 15 Plant Biology & Ecology Focus","Detailed review of questions missed in plant kingdom, morphology, anatomy, photosynthesis, respiration, and ecology from Paper 15","Re-solve all missed Paper 15 Biology questions + 30 targeted MCQs","30","Biology: Paper 15 Plant Biology & Ecology Focus","70","28","P: 20 | C: 20 | B: 30 (+ Full 180-Question Mock Exam = 250 Questions Today)","Post-Paper 15 Forensic Audit: Fine-tune exam strategy for the final 5 papers","Error Book Entry: Log all Paper 15 errors and confirm zero repeats of previously logged mistakes","NCERT Biology: Plant biology chapters high-yield line review","Full-Length Practice Paper 15 (720 Marks) from 2:00 PM to 5:20 PM"
"196","DAY 196","4","28","YES","16","Full-Length Practice Paper 16: All-India Rank Predictor Simulation","3 Hours 20 Minutes (2:00 PM – 5:20 PM)","Physics: Paper 16 High-Difficulty Questions Elimination & Review","Review all difficult Physics questions from Paper 16: verify decision making on when to skip vs when to solve","Re-solve all missed Paper 16 Physics questions + 20 high-yield numericals","20","Physics: Paper 16 High-Difficulty Questions Elimination & Review","Chemistry: Paper 16 Inorganic Exceptions & Organic Reagents Review","Review all tricky inorganic trends, d-block reactions, and organic reagent conditions from Paper 16","Re-solve all missed Paper 16 Chemistry questions + 20 targeted chemistry problems","20","Chemistry: Paper 16 Inorganic Exceptions & Organic Reagents Review","Biology: Paper 16 NCERT Micro-Fact & Scientist Contributions Review","Review all questions based on subtle NCERT micro-facts, scientist discovery years, and numerical data from Paper 16","Re-solve all missed Paper 16 Biology questions + 30 targeted NCERT factual MCQs","30","Biology: Paper 16 NCERT Micro-Fact & Scientist Contributions Review","70","28","P: 20 | C: 20 | B: 30 (+ Full 180-Question Mock Exam = 250 Questions Today)","Post-Paper 16 Forensic Audit: Predict All-India Rank range based on cumulative 16-paper average score","Error Book Entry: Ensure every remaining error category has a specific antidote rule documented","NCERT Biology: All-scientist names and discovery years final review","Full-Length Practice Paper 16 (720 Marks) from 2:00 PM to 5:20 PM"
"197","DAY 197","4","29","YES","17","Full-Length Practice Paper 17: OMR Bubble-Filling & Time-Buffer Mastery","3 Hours 20 Minutes (2:00 PM – 5:20 PM)","Physics: Paper 17 Formula Recall Speed Check","Review all Paper 17 Physics questions; verify instantaneous recall of the exact formula required for each question","Re-solve all missed Paper 17 Physics questions + 20 formula-application numericals","20","Physics: Paper 17 Formula Recall Speed Check","Chemistry: Paper 17 Named Reactions Instant Recall Check","Review all Paper 17 Chemistry questions; verify instantaneous recall of all 35 organic named reactions and reagents","Re-solve all missed Paper 17 Chemistry questions + 20 reagent recall problems","20","Chemistry: Paper 17 Named Reactions Instant Recall Check","Biology: Paper 17 NCERT Diagram Labeling Speed Check","Review all Paper 17 Biology questions; verify instantaneous visual recognition of all NCERT diagrams","Re-solve all missed Paper 17 Biology questions + 30 diagram-based MCQs","30","Biology: Paper 17 NCERT Diagram Labeling Speed Check","70","28","P: 20 | C: 20 | B: 30 (+ Full 180-Question Mock Exam = 250 Questions Today)","Post-Paper 17 Forensic Audit: Verify zero OMR bubbling mistakes (misalignment, double-bubbling, incomplete filling)","Error Book Entry: Document OMR filling discipline and timing milestones","NCERT Biology: Rapid review of Class 11 NCERT summary paragraphs","Full-Length Practice Paper 17 (720 Marks) from 2:00 PM to 5:20 PM"
"198","DAY 198","4","29","YES","18","Full-Length Practice Paper 18: Ultimate Confidence-Building Full Syllabus Mock","3 Hours 20 Minutes (2:00 PM – 5:20 PM)","Physics: Paper 18 Golden Questions Master Review","Review the cleanest and most elegant solutions from Paper 18; consolidate the 20 golden problem archetypes","Re-solve all missed Paper 18 Physics questions + 20 golden archetype numericals","20","Physics: Paper 18 Golden Questions Master Review","Chemistry: Paper 18 Golden Questions Master Review","Review the cleanest and most elegant solutions from Paper 18; consolidate key reaction mechanisms and formulas","Re-solve all missed Paper 18 Chemistry questions + 20 golden archetype problems","20","Chemistry: Paper 18 Golden Questions Master Review","Biology: Paper 18 Perfect 360/360 Biology Target Review","Audit any questions that prevented a perfect 360/360 in Biology; re-read referenced NCERT lines verbatim","Re-solve all missed Paper 18 Biology questions + 30 targeted perfection MCQs","30","Biology: Paper 18 Perfect 360/360 Biology Target Review","70","28","P: 20 | C: 20 | B: 30 (+ Full 180-Question Mock Exam = 250 Questions Today)","Post-Paper 18 Forensic Audit: Celebrate achieving target scoring range and consistent execution rhythm","Error Book Entry: Verify that over 95% of initial error categories from Phase 1 have been completely eliminated","NCERT Biology: Rapid review of Class 12 NCERT summary paragraphs","Full-Length Practice Paper 18 (720 Marks) from 2:00 PM to 5:20 PM"
"199","DAY 199","4","29","YES","19","Full-Length Practice Paper 19: Penultimate All-India Rehearsal Exam","3 Hours 20 Minutes (2:00 PM – 5:20 PM)","Physics: Paper 19 Final Weak-Spot Polishing","Final polishing of any minor residual hesitation in Physics: ray optics, AC resonance, or rotational inertia","Re-solve all missed Paper 19 Physics questions + 15 targeted polish numericals","15","Physics: Paper 19 Final Weak-Spot Polishing","Chemistry: Paper 19 Final Weak-Spot Polishing","Final polishing of any minor residual hesitation in Chemistry: electrochemistry signs, coordination isomers, or biomolecules","Re-solve all missed Paper 19 Chemistry questions + 15 targeted polish problems","15","Chemistry: Paper 19 Final Weak-Spot Polishing","Biology: Paper 19 Final NCERT Text Verification","Final verification of NCERT lines for every single question from Paper 19; absolute clarity across all 38 chapters","Re-solve all missed Paper 19 Biology questions + 25 targeted NCERT MCQs","25","Biology: Paper 19 Final NCERT Text Verification","55","22","P: 15 | C: 15 | B: 25 (+ Full 180-Question Mock Exam = 235 Questions Today)","Post-Paper 19 Forensic Audit: Finalize the exact subject sequence and time budget for Paper 20 tomorrow","Error Book Entry: Complete final audit of Error Book — only 1 paper remaining in the 200-Day Master Journey!","NCERT Biology: Peaceful, meditative visual review of favorite chapters and core diagrams","Full-Length Practice Paper 19 (720 Marks) from 2:00 PM to 5:20 PM"
"200","DAY 200","4","29","YES","20","GRAND FINALE — Full-Length Practice Paper 20: The NEET 2027 All-India Rehearsal Grand Paper","3 Hours 20 Minutes (2:00 PM – 5:20 PM)","Physics: 200th Day Grand Syllabus & Practice Paper Mastery Review","Post-exam triumphant review: celebrate completing all 28 Physics chapters, 350+ formulas, and 20 full-length Physics sections (900+ exam-level Physics questions conquered in the Marathon alone!)","Final celebratory review of Paper 20 Physics questions and complete formula mastery confirmation","10","Physics: 200th Day Grand Syllabus & Practice Paper Mastery Review","Chemistry: 200th Day Grand Syllabus & Practice Paper Mastery Review","Post-exam triumphant review: celebrate completing all 28 Chemistry chapters, all 35 named reactions, and 20 full-length Chemistry sections (900+ exam-level Chemistry questions conquered in the Marathon alone!)","Final celebratory review of Paper 20 Chemistry questions and complete reagent mastery confirmation","10","Chemistry: 200th Day Grand Syllabus & Practice Paper Mastery Review","Biology: 200th Day Grand Syllabus & Practice Paper Mastery Review","Post-exam triumphant review: celebrate completing all 38 Biology chapters, all 80+ NCERT diagrams, and 20 full-length Biology sections (1,800+ exam-level Biology questions conquered in the Marathon alone!)","Final celebratory review of Paper 20 Biology questions and complete NCERT mastery confirmation","15","Biology: 200th Day Grand Syllabus & Practice Paper Mastery Review","35","14","P: 10 | C: 10 | B: 15 (+ Full 180-Question Mock Exam = 215 Questions Today)","DAY 200 MASTER CONGRATULATIONS: 100% OF NEET 2027 SYLLABUS AND ALL 20 FULL-LENGTH PRACTICE PAPERS ARE COMPLETE!","THE ERROR BOOK IS OFFICIALLY CONQUERED & SEALED: Over 200 days of daily Physics, Chemistry, and Biology study, 20 Full-Length Practice Papers (14,400 marks of testing!), and over 15,000 MCQs/PYQs solved! You are at peak readiness for NEET 2027!","100% complete syllabus completion and 20 practice papers certified across all subjects!","Full-Length Practice Paper 20 (720 Marks) from 2:00 PM to 5:20 PM"